state,sum_collect,sum_redeem,sum_collect_points,sum_redeem_points,years_in_the_program,months_since_last_transaction
0,13,0,1269,0,19,1
1,6,0,2890,0,10,10
1,2,0,422,0,7,9
0,7,1,2690,14500,16,1
1,7,0,211,0,2,3
1,2,0,40,0,3,10
1,15,0,1136,0,4,9
1,13,0,636,0,2,9
1,11,0,5785,0,4,1
0,5,0,150,0,16,1
1,7,0,57,0,3,9
0,13,0,570,0,6,1
0,13,0,1178,0,5,1
0,5,0,1250,0,14,3
1,5,0,536,0,6,9
1,2,0,6080,0,10,6
0,11,0,922,0,6,1
1,3,0,17,0,4,8
1,1,0,10,0,27,9
1,4,0,493,0,2,10
0,13,0,78,0,6,1
0,12,0,458,0,6,1
0,28,2,87282,43450,2,1
0,5,0,2520,0,4,3
0,57,0,466,0,1,1
0,10,0,1593,0,4,1
1,1,0,148,0,8,5
0,17,0,9536,0,4,1
0,9,0,204,0,6,3
1,11,0,755,0,6,7
1,5,0,12349,0,7,10
1,3,0,29839,0,25,10
1,7,0,11930,0,17,6
1,6,1,2357,9150,14,4
1,8,0,2403,0,12,5
1,5,0,235,0,4,7
0,79,1,26155,3750,7,1
0,26,0,5352,0,5,1
0,13,0,452,0,5,1
0,4,0,110,0,2,4
1,6,0,4960,0,5,10
1,2,0,50,0,25,1
0,13,0,1140,0,6,1
1,6,0,7728,0,21,1
0,6,0,2000,0,3,1
1,21,0,60063,0,5,5
1,1,0,600,0,13,11
0,12,1,30836,25000,4,3
1,3,0,8972,0,6,6
1,3,0,1750,0,23,3
1,3,0,2373,0,6,7
0,12,0,904,0,5,2
1,2,0,19,0,2,8
1,3,0,186,0,7,3
1,1,0,92,0,5,3
0,14,0,622,0,3,1
1,37,0,461,0,1,1
0,7,1,13940,19350,19,2
1,2,0,12,0,4,11
1,2,0,52,0,5,8
0,7,0,2930,0,18,1
1,4,0,603,0,4,5
0,23,1,8465,7500,6,1
1,1,0,2880,0,4,4
1,6,0,62,0,6,7
0,4,0,315,0,5,4
1,3,0,1593,0,5,10
1,2,0,27245,0,6,7
1,2,0,34,0,3,11
1,6,0,1610,0,20,6
0,15,0,186,0,6,1
1,4,0,340,0,3,1
1,6,0,1310,0,4,4
0,16,0,3907,0,6,1
0,11,1,1489,4500,18,3
1,7,0,1230,0,3,7
0,6,0,4270,0,4,4
0,5,0,420,0,5,4
0,18,0,1512,0,8,1
1,5,0,750,0,7,1
1,4,0,250,0,5,4
1,3,0,4920,0,24,3
1,4,0,450,0,6,7
1,4,0,1530,0,7,6
1,6,0,2030,0,9,1
1,2,0,960,0,13,11
0,7,1,14080,18000,25,2
1,9,1,89000,10000,5,8
1,3,0,1250,0,5,3
0,5,0,254,0,6,2
0,12,0,1114,0,7,1
0,13,2,12589,12000,20,1
0,6,0,700,0,24,1
0,5,0,580,0,8,1
0,13,0,923,0,8,1
1,1,0,10,0,20,10
0,5,1,32080,10000,13,2
1,5,0,1500,0,13,9
0,4,0,450,0,6,1
0,21,0,5997,0,6,1
1,2,0,6,0,6,2
0,17,0,2701,0,6,1
0,13,0,1616,0,6,1
0,13,0,503,0,7,1
0,6,0,44200,0,16,2
0,23,0,5873,0,10,1
0,7,0,359,0,8,3
1,10,0,285,0,5,1
0,13,0,1231,0,5,1
1,8,0,96,0,6,4
1,10,0,348,0,2,5
0,11,0,3064,0,5,1
0,1,0,10,0,20,7
1,11,0,2375,0,3,2
0,13,0,449,0,6,1
0,11,0,1351,0,7,1
0,5,0,86,0,7,2
0,14,0,18720,0,22,1
0,26,0,7070,0,18,1
0,5,1,58900,62450,19,1
1,4,0,550,0,3,5
0,24,1,25580,8000,5,1
0,6,0,637,0,6,1
1,19,0,29063,0,3,7
1,6,0,340,0,26,1
1,5,0,701,0,4,7
1,2,0,108,0,7,7
1,6,0,850,0,9,4
1,13,0,875,0,3,10
1,4,0,1070,0,7,10
0,3,0,1500,0,8,3
1,1,0,3,0,7,11
1,5,0,280,0,21,9
1,19,0,2039,0,4,10
0,6,0,1210,0,3,1
1,5,3,1140,16500,25,9
1,0,1,0,11000,16,10
1,3,0,110,0,19,1
0,11,0,747,0,4,1
1,5,0,3814,0,4,7
1,4,0,1090,0,15,4
0,5,0,150,0,2,1
1,20,0,136805,0,17,6
0,5,0,14040,0,21,3
1,12,0,3706,0,7,2
0,5,0,230,0,6,1
1,7,0,1244,0,8,11
1,3,0,1250,0,25,3
0,12,0,1622,0,5,1
0,19,1,2746,8800,7,1
1,6,0,140,0,3,3
0,24,0,5977,0,5,1
1,5,0,5710,0,19,9
1,7,0,4010,0,17,4
1,6,3,16494,52000,23,6
1,11,0,18400,0,6,7
0,11,0,619,0,4,1
0,6,0,2490,0,25,1
1,7,0,549,0,5,4
0,12,0,759,0,3,1
0,21,0,5516,0,4,1
0,5,0,610,0,23,1
1,4,0,331,0,2,5
1,1,0,300,0,5,4
0,8,0,1150,0,2,1
0,5,0,220,0,14,1
1,4,0,2560,0,7,4
0,26,0,9122,0,23,1
1,6,0,245,0,4,8
0,14,0,8544,0,23,1
0,40,0,142011,0,20,1
1,3,0,139,0,2,6
1,3,0,148,0,5,10
1,3,0,40,0,20,10
0,6,2,57940,9000,12,3
0,5,0,174,0,2,4
0,13,0,725,0,6,1
1,3,0,1250,0,23,9
1,8,0,272,0,6,5
1,5,0,470,0,2,4
1,13,0,5705,0,5,5
1,2,0,54360,0,2,2
0,31,0,17940,0,8,1
1,1,0,40,0,7,9
0,25,0,2645,0,8,1
0,14,0,1163,0,8,1
1,4,0,5240,0,24,10
1,2,0,80,0,25,1
0,13,0,626,0,18,1
1,2,0,60,0,18,1
0,20,0,2587,0,6,1
1,1,0,20,0,4,1
1,6,3,7391,67600,17,6
0,13,0,1512,0,7,1
0,2,2,4500,22000,15,3
1,5,0,255,0,3,5
1,1,0,480,0,8,2
1,7,1,71370,18750,16,11
0,22,0,2069,0,19,1
0,5,0,1250,0,4,3
1,3,3,10200,80350,11,9
1,11,1,86238,1.00E+05,9,7
1,45,0,17388,0,8,9
1,13,0,1846,0,5,2
0,26,0,11802,0,5,1
0,5,0,2640,0,27,4
1,7,0,286,0,5,1
0,4,0,170,0,21,1
1,6,0,259,0,7,8
0,11,0,3277,0,21,1
1,4,0,46,0,6,8
0,13,0,888,0,6,1
1,5,0,1060,0,2,4
0,2,0,80,0,9,1
1,11,0,8569,0,10,7
0,7,3,51440,43300,10,2
0,10,0,4970,0,13,1
0,13,0,271,0,4,1
0,13,0,794,0,4,1
0,3,0,87,0,8,9
0,8,0,1128,0,2,1
0,2,1,510,4500,20,3
0,13,0,6769,0,7,1
0,10,0,319,0,4,1
0,9,0,167,0,5,1
1,3,0,2336,0,22,9
0,16,0,7173,0,2,1
1,5,0,410,0,3,4
1,3,1,15000,44950,10,1
0,11,0,8451,0,3,1
0,11,0,332,0,7,7
0,22,0,10620,0,2,1
0,22,0,1658,0,7,1
0,5,4,21240,35050,4,3
0,22,0,2381,0,5,1
0,13,0,1818,0,6,1
0,9,0,857,0,5,2
1,5,0,500,0,4,4
1,2,0,50,0,19,1
1,7,0,10440,0,2,11
0,4,0,240,0,5,4
1,22,0,10322,0,17,11
1,7,0,11762,0,6,6
1,6,0,10400,0,18,11
1,3,0,70,0,23,10
1,3,0,305,0,4,6
1,105,0,737,0,2,5
0,13,0,1315,0,4,1
0,22,0,4226,0,2,1
1,11,4,14147,54750,15,9
1,4,0,160,0,5,6
1,8,0,815,0,25,4
1,16,1,6983,2620,6,11
0,23,0,22497,0,6,1
1,3,0,2392,0,2,2
0,5,2,35360,60000,13,3
1,2,0,456,0,9,9
0,5,0,207,0,3,1
0,14,0,216,0,12,1
0,13,0,876,0,5,1
0,6,0,262,0,6,1
0,10,0,65,0,5,1
0,6,0,290,0,7,4
0,3,0,1500,0,8,3
0,13,0,1872,0,7,1
0,13,0,9520,0,5,1
1,4,0,140,0,6,10
0,23,0,16809,0,14,1
1,4,0,584,0,3,7
0,17,0,7524,0,6,1
0,13,0,446,0,8,1
1,2,0,31,0,6,3
1,1,2,94,9000,25,2
1,10,0,144,0,6,1
0,13,0,2549,0,8,1
1,4,0,88,0,5,4
1,5,0,760,0,22,1
0,15,0,790,0,6,1
0,5,0,1250,0,7,3
0,6,0,4480,0,15,1
0,5,0,1180,0,2,1
1,6,0,494,0,6,8
0,10,0,42986,0,13,2
1,13,0,876,0,6,1
1,1,0,2,0,16,3
1,5,0,460,0,14,4
1,4,0,100,0,3,11
1,1,1,1660,3600,10,11
1,4,0,10699,0,6,10
1,4,0,2280,0,27,9
1,3,0,490,0,19,1
1,1,0,10,0,6,9
1,5,0,9116,0,6,10
1,4,0,311,0,8,5
0,2,0,124,0,8,5
0,17,0,1445,0,5,6
1,15,0,9904,0,14,4
1,9,0,431,0,7,2
1,4,0,140,0,3,1
1,6,0,7422,0,10,10
0,5,0,18360,0,11,3
0,2,0,164,0,5,3
1,1,0,221,0,8,8
1,19,0,5462,0,3,7
1,2,0,27065,0,11,7
1,13,0,6022,0,5,5
1,9,0,1811,0,6,4
1,1,0,13,0,6,7
0,11,0,384,0,6,2
1,5,0,610,0,13,1
0,23,0,6843,0,7,1
1,5,0,3016,0,4,7
0,6,0,690,0,12,1
1,14,0,1169,0,6,3
0,5,0,1250,0,12,3
1,2,0,1200,0,3,3
0,33,0,30137,0,4,1
0,12,0,2521,0,5,1
0,11,0,10990,0,13,1
1,7,0,2058,0,5,9
0,5,0,76,0,6,1
0,8,0,192,0,4,3
0,7,0,2381,0,4,3
1,4,0,230,0,3,10
1,5,0,170,0,6,1
1,7,0,14129,0,2,5
0,17,0,1225,0,7,1
1,5,0,4849,0,18,7
1,2,2,70,8000,9,11
0,25,0,6071,0,19,1
0,7,0,12680,0,17,2
1,15,0,906,0,6,2
0,25,0,8542,0,7,1
1,5,0,296,0,2,4
0,24,0,9696,0,16,1
0,4,0,290,0,20,6
0,26,0,28916,0,23,1
0,9,0,1235,0,5,5
0,14,0,1257,0,5,2
1,6,0,2260,0,9,10
1,4,0,1050,0,25,4
1,5,2,35264,28050,24,10
1,3,0,14,0,5,2
1,5,0,580,0,6,9
1,8,0,451,0,4,9
0,5,0,1020,0,20,1
0,13,0,245,0,5,1
0,3,0,15,0,4,5
1,2,1,1000,3750,21,3
0,5,0,969,0,4,3
1,17,0,2931,0,24,6
1,21,0,8684,0,8,1
1,11,0,5623,0,6,1
0,13,0,423,0,7,2
0,3,0,1500,0,11,6
0,2,0,40,0,21,1
0,9,0,3680,0,25,1
1,6,0,1320,0,15,1
1,3,1,9600,7500,17,3
0,6,0,1650,0,24,1
1,6,0,9134,0,3,6
1,1,0,20,0,23,7
0,14,0,1643,0,6,1
1,6,0,7588,0,14,9
1,1,2,8622,4921,4,5
0,18,0,3540,0,5,1
0,3,0,1500,0,9,6
0,8,0,4429,0,5,2
0,6,0,2350,0,19,1
0,8,0,306,0,8,3
1,21,0,17837,0,18,11
0,16,0,874,0,6,1
0,13,0,702,0,6,1
1,6,0,3390,0,4,4
1,5,0,270,0,6,1
1,4,0,158,0,7,5
0,3,0,340,0,17,1
1,4,0,131,0,7,10
0,5,0,320,0,21,4
0,7,0,58,0,6,4
0,24,0,3525,0,7,1
1,4,0,1260,0,17,7
0,10,0,1944,0,4,4
1,12,0,1693,0,5,3
0,7,0,1738,0,7,4
1,4,0,9480,0,5,6
1,2,0,16128,0,12,11
0,9,1,11720,3600,12,4
1,2,0,60,0,6,4
1,5,0,3435,0,3,10
1,2,0,60,0,22,9
1,6,0,111,0,7,9
1,4,0,110,0,2,1
0,6,0,1730,0,7,1
0,16,1,177840,24100,4,1
0,29,2,18847,9000,19,1
0,6,0,1670,0,4,1
0,7,0,37040,0,18,2
1,9,0,593,0,7,2
1,2,0,9840,0,26,5
1,26,0,13896,0,14,6
1,8,1,4630,7500,20,1
1,3,0,61,0,7,7
0,12,0,630,0,18,4
1,4,0,226,0,3,10
1,22,1,14772,9450,4,4
1,4,0,4170,0,5,8
0,4,0,312,0,5,1
1,5,0,120,0,6,1
1,1,0,10,0,3,1
1,13,0,726,0,7,7
0,4,0,43620,0,16,6
0,5,0,6021,0,6,2
1,7,0,761,0,2,6
1,3,0,12,0,6,9
0,6,0,258,0,7,2
0,6,0,1790,0,1,1
0,5,0,1300,0,1,1
1,9,0,3255,0,6,2
0,9,0,244,0,3,2
1,24,0,21853,0,2,3
1,6,0,1140,0,21,7
0,5,0,140,0,13,4
0,24,0,2102,0,6,1
0,17,0,1846,0,6,1
0,6,0,2835,0,19,4
1,13,0,92,0,2,1
0,4,0,50,0,15,1
0,26,0,3307,0,7,1
0,13,0,2053,0,6,1
0,6,0,208,0,5,2
0,13,0,2717,0,6,1
0,7,0,345,0,6,1
1,5,0,1728,0,3,7
1,3,0,90,0,21,7
1,12,0,1632,0,8,7
1,4,0,386,0,3,10
1,2,2,31408,34000,19,11
0,16,0,3966,0,4,1
0,5,0,488,0,7,4
0,22,2,28441,55850,20,1
0,15,0,1238,0,14,1
0,1,0,2400,0,4,2
0,23,1,21678,30000,6,1
0,1,0,480,0,19,2
0,7,0,426,0,6,1
1,4,0,183,0,5,9
1,5,0,778,0,5,7
0,13,0,2720,0,6,1
0,17,0,1581,0,26,1
1,5,0,2525,0,4,7
0,26,0,16871,0,12,1
1,7,0,15856,0,2,1
0,22,0,2435,0,5,1
0,13,0,1567,0,8,1
0,10,0,447,0,8,3
1,3,0,110,0,4,7
1,5,0,133,0,18,3
0,12,0,256,0,7,3
0,18,0,1169,0,5,1
0,6,0,1330,0,25,1
0,13,1,484,4500,7,1
0,27,1,4944,4500,13,1
0,5,0,10080,0,16,3
0,3,0,97,0,5,2
1,3,0,2116,0,20,1
1,13,0,306,0,6,6
0,14,0,627,0,4,1
0,6,0,175,0,5,1
1,1,2,1077,41050,20,4
0,12,0,2516,0,5,1
1,9,0,612,0,7,11
0,20,0,2898,0,7,1
0,13,0,406,0,23,1
1,9,0,308,0,1,1
0,13,0,388,0,8,1
1,48,0,18105,0,18,4
1,1,0,50,0,2,2
1,3,0,220,0,19,4
0,4,0,1500,0,17,3
1,2,0,4920,0,2,4
0,10,0,540,0,6,1
0,13,0,150,0,6,1
1,5,0,1250,0,7,3
0,7,0,143,0,15,1
0,11,0,418,0,4,1
0,6,0,2670,0,22,1
0,2,0,83,0,4,4
1,14,0,5624,0,4,3
1,4,0,120,0,19,4
0,29,1,16546,57250,6,1
0,17,0,6203,0,6,1
1,1,1,18120,65300,5,1
0,13,0,950,0,7,1
1,3,0,10,0,6,11
0,10,0,12120,0,12,3
0,12,0,1562,0,5,1
1,6,0,1512,0,5,7
0,14,0,681,0,5,1
0,26,0,6492,0,2,1
1,4,0,1130,0,3,7
0,21,0,1928,0,5,1
0,12,0,3250,0,6,2
0,5,0,296,0,7,1
1,3,0,2154,0,5,5
0,7,0,35360,0,11,2
1,10,0,352,0,5,9
0,5,1,85280,7500,12,3
1,13,0,12210,0,5,6
0,13,0,3872,0,6,1
0,13,0,4546,0,3,1
0,13,0,10209,0,13,1
1,14,0,1378,0,7,4
1,13,0,956,0,2,10
1,8,0,1572,0,5,10
0,13,0,1782,0,25,1
0,12,0,677,0,3,1
0,5,0,310,0,4,1
0,15,0,6034,0,5,1
0,6,1,750,12500,26,1
1,4,1,1020,4500,19,3
0,5,0,1250,0,19,3
1,2,0,266,0,18,3
1,11,0,10684,0,6,7
1,5,0,643,0,7,3
1,3,0,3927,0,11,6
1,6,2,16650,73500,5,6
1,3,0,437,0,7,10
0,13,0,462,0,3,1
1,6,0,289,0,6,10
1,5,0,44,0,6,3
1,0,5,0,76000,24,5
0,15,0,1512,0,6,1
1,2,0,4,0,5,1
1,0,1,0,18550,5,9
1,5,0,1100,0,14,4
0,17,0,1627,0,2,1
0,13,0,1824,0,5,1
1,6,0,1440,0,24,7
0,3,0,1500,0,9,6
1,5,0,22920,0,24,9
1,2,0,60,0,15,10
0,6,0,8170,0,5,3
1,6,0,381,0,3,5
0,6,0,290,0,8,5
1,3,0,50,0,7,4
0,12,0,1552,0,5,1
1,5,0,6705,0,17,10
1,14,0,1748,0,20,3
0,10,0,203,0,5,1
1,1,0,20,0,8,10
0,10,0,219,0,8,2
0,4,0,787,0,2,6
1,4,0,270,0,3,1
0,8,0,441,0,5,2
1,11,0,978,0,5,7
0,13,0,2853,0,2,1
1,13,0,4166,0,21,4
0,15,0,4331,0,14,1
0,13,0,2942,0,5,1
1,20,0,1551,0,3,7
1,1,0,247,0,3,2
0,10,0,17910,0,12,1
0,12,0,2130,0,4,1
0,6,0,141,0,27,11
1,0,1,0,85850,3,3
1,4,3,42,136400,18,1
1,8,0,283,0,4,2
1,2,0,50,0,19,1
0,4,0,620,0,20,1
0,16,0,1765,0,6,1
0,11,0,17290,0,2,1
0,12,0,556,0,7,2
1,10,0,196,0,8,11
1,9,0,1061,0,5,5
1,10,0,563,0,6,7
1,14,0,2117,0,6,4
1,5,0,1600,0,1,1
1,1,0,1200,0,7,1
0,15,0,11664,0,5,1
1,8,0,98871,0,22,6
1,5,0,540,0,4,7
1,2,0,30,0,24,4
0,23,0,9556,0,5,1
1,8,0,688,0,5,3
0,6,0,870,0,5,1
0,19,0,1211,0,6,2
1,16,0,993,0,5,9
0,2,0,103,0,6,1
0,11,0,381,0,5,1
1,7,1,11210,5250,4,8
1,9,0,2400,0,14,7
0,13,0,2641,0,5,1
1,3,0,298,0,7,3
0,13,0,1286,0,7,1
0,11,0,647,0,7,1
1,3,0,53,0,6,8
1,2,1,7500,7000,2,7
1,3,0,1250,0,7,3
1,7,0,1078,0,4,5
1,3,0,26,0,4,1
0,18,0,10558,0,4,1
0,17,0,5056,0,5,1
0,23,0,17802,0,7,1
1,3,0,509,0,17,2
0,26,0,4124,0,4,1
0,12,0,383,0,8,2
0,3,0,1500,0,13,3
0,5,0,90,0,11,4
1,2,0,148,0,26,2
1,2,0,50,0,25,7
0,13,0,3545,0,23,1
1,5,0,1340,0,7,9
0,21,0,2915,0,7,1
1,1,0,1200,0,6,4
0,5,2,67520,19000,11,3
1,2,0,339,0,5,4
1,9,0,30538,0,5,4
0,12,0,10150,0,18,1
0,5,0,10680,0,26,3
1,8,0,926,0,7,3
1,1,0,10,0,8,4
1,3,0,120,0,19,7
1,10,0,1138,0,4,4
1,2,0,30,0,4,3
0,14,0,3248,0,17,1
1,17,0,868,0,6,7
1,0,2,0,6153,13,3
1,13,0,833,0,7,3
1,0,2,0,9500,18,4
0,11,0,31658,0,4,2
1,5,0,1120,0,4,4
1,4,2,6880,61400,18,10
0,26,0,8300,0,7,1
0,24,0,3506,0,7,1
1,1,0,8,0,6,7
0,27,0,23876,0,7,1
0,4,0,11,0,5,1
0,6,0,420,0,19,1
1,2,0,6880,0,21,2
1,1,0,14,0,6,7
0,22,0,2908,0,12,1
1,30,2,6546,17555,4,1
1,5,0,147,0,7,11
1,10,0,924,0,7,8
0,10,0,545,0,3,4
1,5,0,1880,0,25,1
0,5,4,16160,47900,11,3
0,26,0,11783,0,8,1
1,5,0,2150,0,14,4
1,4,0,310,0,6,1
0,13,0,1435,0,6,1
1,2,0,1560,0,25,3
1,1,0,10,0,19,7
1,13,0,1827,0,11,5
0,14,0,5633,0,7,1
1,11,0,1645,0,3,1
1,3,0,540,0,17,1
1,4,0,110,0,7,4
1,6,0,250,0,2,1
0,20,0,2661,0,4,1
0,11,0,6813,0,18,1
0,6,0,1600,0,19,1
0,15,0,12782,0,6,1
1,6,0,112,0,21,11
1,1,0,315,0,6,4
0,21,0,2084,0,5,1
0,3,0,1500,0,11,6
0,13,0,1880,0,12,1
0,3,0,80,0,21,1
0,10,0,1109,0,5,1
1,4,0,290,0,4,4
1,1,0,10,0,5,7
1,12,0,336,0,6,1
0,6,0,546,0,5,1
1,2,0,19500,0,2,3
0,33,2,25061,9000,2,1
1,10,0,436,0,7,9
0,21,0,1054,0,3,7
1,13,0,13,0,6,9
1,4,0,933,0,5,7
0,5,0,116,0,7,2
0,12,0,525,0,5,1
0,5,0,510,0,18,1
1,6,0,1530,0,19,10
0,9,0,2478,0,11,1
0,3,0,1500,0,7,3
1,11,0,422,0,7,6
1,13,0,855,0,4,8
0,29,0,5830,0,7,1
1,3,2,1940,3775,25,10
0,5,0,1100,0,4,1
1,29,0,29717,0,25,5
0,8,0,281,0,4,1
0,8,0,5730,0,2,1
1,8,0,354,0,3,11
1,5,0,760,0,16,10
0,13,0,476,0,4,2
1,8,0,9914,0,25,7
0,20,0,3277,0,3,1
0,32,0,15675,0,8,1
1,6,0,500,0,6,7
1,3,0,430,0,2,7
0,5,0,422,0,6,3
1,15,0,3319,0,7,11
0,5,0,4330,0,3,1
0,15,0,2199,0,7,2
0,2,0,202,0,5,3
0,13,0,584,0,3,1
0,26,0,3790,0,5,1
1,3,0,210,0,4,10
0,13,0,2975,0,6,1
1,4,0,484,0,3,1
1,3,0,110,0,4,1
1,3,0,70,0,3,4
1,5,4,42080,50300,11,3
0,103,0,2214,0,1,1
0,5,0,673,0,6,1
1,4,0,150,0,14,7
0,3,0,1500,0,19,3
0,5,0,234,0,6,3
1,12,0,8877,0,2,11
0,12,0,747,0,3,2
0,3,0,1500,0,26,6
1,3,0,196,0,4,11
1,1,0,1200,0,7,5
1,9,0,480,0,5,9
0,7,0,44400,0,22,2
0,5,0,2150,0,15,1
0,47,0,8358,0,21,1
0,16,1,50548,4500,25,1
1,14,0,187,0,3,2
1,3,0,18041,0,22,7
1,4,0,1060,0,18,4
0,5,0,1311,0,12,5
1,12,0,2602,0,4,7
1,2,0,13500,0,3,3
1,6,1,1530,13500,6,5
0,30,0,35791,0,13,1
1,5,0,1250,0,8,3
0,5,0,3360,0,3,3
0,19,0,1367,0,7,1
1,6,0,12790,0,25,1
1,5,0,290,0,2,1
1,6,0,1360,0,3,7
1,20,0,1922,0,8,1
1,1,0,121,0,8,4
1,1,1,217271,162000,20,7
1,5,0,63573,0,19,10
1,6,5,88816,80450,15,11
1,4,0,5313,0,7,10
1,4,0,280,0,1,1
1,18,0,1756,0,2,5
1,6,0,166,0,5,6
0,29,0,3553,0,3,1
1,5,0,2652,0,17,6
1,5,0,13200,0,5,7
0,5,0,494,0,8,2
1,1,0,7,0,7,8
0,23,0,9118,0,24,1
0,7,0,6800,0,19,3
0,7,0,1006,0,2,3
0,5,0,570,0,13,1
1,10,0,288,0,5,11
0,6,1,9140,4500,21,3
0,6,0,280,0,14,1
0,13,0,688,0,5,1
1,8,0,680,0,2,5
0,9,0,817,0,8,4
1,2,1,5760,4500,5,1
1,4,0,493,0,8,11
0,8,0,500,0,5,2
0,8,0,6950,0,20,1
0,26,0,5202,0,6,1
0,5,0,295,0,5,1
1,3,0,14000,0,6,4
1,18,0,20678,0,17,10
1,4,0,36,0,27,1
0,20,1,4360,7500,24,1
1,12,0,289,0,5,5
1,4,0,206,0,6,7
0,5,0,550,0,1,1
1,13,0,1855,0,4,8
0,12,0,2463,0,6,1
1,4,0,150,0,16,4
0,7,0,13620,0,10,2
1,1,0,10,0,6,4
0,2,0,38,0,16,1
1,7,0,326,0,22,4
1,9,0,261,0,7,6
0,6,0,177,0,7,3
1,5,0,830,0,7,1
0,20,1,7881,18600,16,2
1,14,0,191,0,3,11
1,4,0,133,0,7,9
1,11,0,577,0,4,9
1,12,0,381,0,6,6
0,26,0,6912,0,6,1
0,16,0,14027,0,6,8
1,9,0,673,0,2,1
1,5,2,71300,77500,5,8
1,8,0,89119,0,20,9
0,13,0,1815,0,24,1
0,13,0,1514,0,3,1
0,25,0,4259,0,5,1
0,11,0,4596,0,3,4
0,3,0,1500,0,18,6
1,0,3,0,18225,19,1
1,13,0,1580,0,6,9
0,6,0,25,0,4,1
0,4,0,701,0,4,1
0,5,0,1250,0,20,3
1,1,0,120,0,3,9
0,30,0,9524,0,10,1
0,5,0,10320,0,2,3
1,5,0,680,0,4,1
0,26,0,23007,0,3,1
0,9,0,1380,0,7,1
1,5,0,4200,0,23,3
1,1,0,70,0,5,7
0,5,0,22920,0,18,3
1,6,0,1380,0,2,10
0,10,0,2018,0,5,1
0,31,0,16745,0,7,1
1,3,0,60,0,2,4
1,3,0,200,0,4,4
1,5,0,1730,0,8,4
1,5,0,7096,0,6,5
1,9,0,753,0,5,3
1,1,0,30,0,22,1
1,6,0,1247,0,5,10
1,7,0,1204,0,5,2
1,3,0,2720,0,18,6
0,11,0,1338,0,3,1
0,7,0,4300,0,10,2
0,5,0,1250,0,10,3
1,6,0,3380,0,2,1
0,22,0,1372,0,5,1
1,4,0,11150,0,11,6
1,3,0,489,0,6,5
0,13,0,836,0,6,1
1,5,0,110,0,9,4
1,5,0,80,0,19,7
1,5,0,666,0,4,7
1,9,0,9848,0,7,5
1,8,0,323,0,6,8
1,2,0,6669,0,5,5
1,2,0,100,0,26,9
0,8,0,137,0,5,1
1,14,0,1671,0,4,8
1,5,0,562,0,6,2
0,14,0,19462,0,6,2
1,1,0,6,0,8,1
0,13,0,2156,0,5,1
1,4,0,60,0,4,7
0,2,2,70920,102550,6,5
1,2,3,143000,55250,2,10
1,10,0,222,0,3,6
0,7,0,14430,0,17,3
1,5,0,892,0,5,10
0,12,1,13426,12700,5,5
0,3,0,100,0,24,1
0,13,0,1061,0,6,1
1,5,0,660,0,18,9
0,5,0,22680,0,5,1
0,27,1,15648,13500,10,1
1,1,0,1440,0,5,9
0,15,0,9890,0,6,1
0,11,0,1576,0,5,1
1,5,0,1070,0,4,1
0,4,0,19590,0,19,6
1,2,0,228,0,2,7
0,20,1,6685,16000,7,1
1,1,0,20,0,5,4
1,13,0,912,0,6,1
0,2,0,23,0,8,9
0,12,0,100,0,6,1
1,1,0,120,0,6,7
0,10,0,188,0,8,1
1,13,0,728,0,7,11
1,3,0,200,0,18,7
1,5,0,240,0,25,1
1,5,0,160,0,19,4
1,1,0,1600,0,24,1
0,3,0,664,0,11,1
1,1,0,175,0,2,1
1,1,0,600,0,8,7
0,33,0,13610,0,13,1
0,10,0,336,0,7,1
0,15,0,4995,0,5,1
1,5,0,2541,0,7,10
1,5,0,413,0,4,9
1,1,0,50,0,22,1
1,3,0,80,0,11,4
0,6,0,3070,0,4,1
1,3,1,6000,2250,18,3
0,2,0,35,0,6,1
1,3,0,406,0,2,2
1,2,0,562,0,5,10
1,7,0,30246,0,10,10
0,13,0,697,0,23,1
0,24,0,5583,0,21,1
0,6,0,260,0,3,3
1,9,0,401,0,7,4
1,4,0,37508,0,17,7
0,12,0,1041,0,13,1
0,27,0,6870,0,3,1
1,4,0,10680,0,11,10
1,5,0,79184,0,25,10
0,13,0,1368,0,5,1
1,9,0,439,0,4,5
1,5,0,470,0,7,10
1,12,0,58518,0,14,6
0,1,0,268,0,6,3
0,5,0,146,0,5,1
1,2,0,258,0,7,10
1,14,0,2012,0,2,9
1,3,0,382,0,2,7
0,5,0,13072,0,3,10
1,2,0,70,0,22,7
0,9,0,391,0,17,1
0,24,0,6642,0,3,1
1,1,2,66000,147350,2,2
1,11,0,1050,0,2,6
1,3,0,50,0,19,1
1,5,0,14927,0,15,10
0,9,0,1154,0,20,2
1,3,0,319,0,5,7
1,5,0,335,0,7,4
0,7,2,30000,44950,12,2
0,27,0,46010,0,24,1
1,1,0,49,0,4,1
0,6,0,7325,0,6,9
1,6,0,40,0,5,1
1,24,0,7280,0,6,9
0,4,0,487,0,7,6
0,7,1,13360,4500,11,2
1,6,0,3059,0,3,11
1,4,0,70,0,23,4
1,7,0,441,0,5,7
1,5,0,421,0,3,2
1,15,0,43619,0,19,7
1,5,0,1350,0,4,10
1,2,0,3612,0,16,4
1,9,0,3210,0,17,10
1,5,0,379,0,18,3
1,13,0,6500,0,6,4
1,3,0,50,0,3,1
0,8,0,1014,0,3,3
0,3,0,1250,0,19,3
0,5,0,230,0,4,1
1,5,0,180,0,5,1
0,13,1,20400,7500,18,1
1,3,0,110,0,3,4
0,12,0,432,0,25,1
0,3,2,12000,8550,6,2
0,26,0,3051,0,5,1
0,23,3,13110,16000,25,1
0,8,0,10720,0,25,3
0,8,1,10559,4500,17,1
0,5,0,610,0,23,1
1,2,0,30,0,15,4
1,5,0,238,0,3,10
1,3,0,191,0,3,9
1,4,0,1060,0,16,4
0,26,0,19928,0,6,1
0,35,0,22069,0,19,1
1,4,0,4557,0,6,8
0,14,0,2334,0,3,1
0,14,2,3237,8200,6,2
1,5,0,362,0,4,7
0,8,1,24960,4500,5,2
1,5,0,7520,0,11,6
0,11,0,188,0,5,3
0,11,2,29044,9000,26,1
1,2,1,10713,11500,18,10
0,5,0,540,0,18,1
0,5,0,76320,0,13,3
1,1,0,20,0,3,1
1,6,0,1770,0,16,4
0,10,0,353,0,6,1
0,8,0,82020,0,3,1
1,6,0,7883,0,22,8
0,3,0,1480,0,1,2
0,5,0,26,0,7,2
0,13,0,2938,0,8,1
1,3,0,520,0,20,1
1,4,0,52,0,8,6
0,24,0,5680,0,7,1
0,5,0,4560,0,13,3
0,11,0,776,0,3,1
1,3,0,156,0,3,10
1,4,0,60,0,2,4
0,4,0,149,0,5,1
1,7,0,92,0,6,11
0,5,0,3160,0,22,2
0,16,0,756,0,17,1
0,5,0,990,0,19,1
0,25,0,2133,0,8,1
1,2,0,22,0,8,3
0,7,0,1441,0,6,1
1,6,0,372,0,7,7
0,3,0,1500,0,18,3
1,6,0,1340,0,25,10
0,7,0,1600,0,5,1
1,4,0,63818,0,19,7
1,1,0,1,0,5,10
1,2,0,60,0,6,9
1,7,0,24792,0,19,6
0,25,1,6826,7500,8,2
0,5,0,21840,0,16,3
0,5,0,73,0,2,1
0,12,0,839,0,6,1
1,1,0,24,0,7,6
0,8,0,621,0,4,1
1,20,0,6385,0,3,5
1,6,0,3600,0,26,8
0,9,0,792,0,5,1
1,5,0,568,0,7,11
0,6,0,14780,0,21,3
1,13,0,6562,0,2,5
1,3,0,160,0,9,4
1,1,0,20,0,5,1
0,6,0,1780,0,6,4
0,3,0,32932,0,22,5
1,2,1,6360,4500,3,10
0,20,0,3440,0,3,1
1,20,0,1456,0,3,2
1,13,0,807,0,6,11
1,2,0,50,0,20,7
0,11,0,888,0,5,1
0,14,0,927,0,6,1
0,5,1,190,3750,13,1
0,1,0,50,0,19,1
0,13,0,383,0,5,1
1,6,0,1130,0,5,1
1,4,0,12592,0,15,5
1,5,0,443,0,6,11
0,8,0,2412,0,20,1
1,5,0,1982,0,16,5
1,23,0,46078,0,6,3
0,12,0,629,0,6,1
1,3,0,70,0,3,4
1,4,0,220,0,6,8
0,18,0,1341,0,2,1
0,25,2,1752,3400,12,1
1,11,0,732,0,7,5
0,2,0,80,0,21,1
0,4,0,220,0,2,1
0,13,0,2685,0,6,1
0,3,0,66,0,6,4
1,4,0,107,0,3,11
0,6,0,1880,0,16,1
1,6,0,1024,0,11,11
0,11,0,608,0,8,1
1,1,0,7,0,6,3
0,22,0,2733,0,5,2
0,20,0,267,0,8,1
0,5,0,2207,0,4,6
1,2,0,2272,0,6,7
1,6,0,8700,0,7,6
0,26,0,7768,0,5,1
1,6,0,266,0,6,11
1,4,0,160,0,2,9
0,3,0,140,0,25,4
0,7,0,8600,0,20,2
0,14,0,2198,0,6,1
1,2,0,50,0,5,10
1,5,0,9674,0,4,11
0,3,0,1500,0,21,3
0,5,0,278,0,8,3
1,3,0,491,0,3,3
1,2,2,10280,15000,8,10
0,9,0,739,0,17,2
0,6,1,4880,7500,8,1
1,3,0,140,0,22,1
0,4,0,3520,0,22,3
0,13,0,1957,0,4,1
1,7,0,168,0,2,3
0,12,0,400,0,6,1
1,2,0,208,0,6,1
0,20,1,8625,7500,20,1
1,8,0,14493,0,5,10
1,5,0,220,0,24,4
1,4,0,11580,0,4,8
1,3,3,300,33853,26,10
0,5,0,9760,0,14,3
0,14,0,2730,0,2,1
1,5,0,300,0,8,9
1,4,0,310,0,18,1
0,6,0,400,0,26,1
1,6,0,428,0,2,10
1,14,0,32631,0,3,11
1,13,0,1160,0,2,11
1,10,0,104,0,5,1
1,8,0,36,0,2,2
0,13,0,1179,0,7,1
1,6,0,1630,0,17,3
1,4,3,3200,79200,24,8
1,4,0,150,0,3,4
0,13,0,3894,0,7,1
0,12,0,7839,0,15,1
0,6,0,31,0,6,1
0,13,0,611,0,4,1
1,4,0,530,0,24,1
1,8,2,1421,15000,6,4
0,12,0,803,0,8,1
0,13,0,299,0,7,1
1,3,0,100,0,19,4
0,15,0,1224,0,4,2
0,9,0,254,0,15,4
1,6,0,1640,0,12,4
0,20,0,1351,0,7,1
0,15,0,2848,0,21,1
1,6,1,6109,7500,6,11
0,3,0,11412,0,21,4
1,9,0,327,0,27,9
0,6,0,1890,0,15,1
0,1,0,28,0,3,2
0,10,0,954,0,5,2
1,4,0,775,0,7,2
1,13,0,3595,0,2,1
0,6,0,290,0,2,1
0,13,0,1491,0,6,1
0,23,0,24493,0,2,1
0,5,1,370,27000,17,1
0,2,0,38,0,6,1
1,12,0,187,0,15,5
0,3,0,1500,0,8,3
0,8,0,510,0,7,1
1,3,0,184,0,7,9
1,14,0,10296,0,13,1
0,1,0,70,0,26,1
0,6,0,2120,0,16,1
1,8,0,29427,0,13,6
0,12,0,1737,0,7,4
0,17,0,553,0,5,1
0,26,0,1533,0,7,1
0,13,0,356,0,7,1
0,7,2,31120,42200,5,2
0,28,0,16202,0,19,1
0,20,1,13419,18500,20,1
0,4,0,1370,0,2,1
1,4,0,280,0,18,10
0,18,0,2503,0,3,1
0,10,0,964,0,7,1
1,6,2,60049,58750,17,11
1,13,0,6305,0,6,3
1,12,0,35,0,6,2
0,13,0,4121,0,5,1
0,13,0,1155,0,8,1
0,7,0,1550,0,26,1
0,4,0,130,0,13,1
1,6,0,33204,0,25,10
1,5,0,350,0,12,7
0,5,0,270,0,2,1
1,12,0,72,0,6,2
0,9,0,1781,0,15,2
1,2,0,27,0,25,8
1,5,0,30648,0,14,10
0,13,0,563,0,5,1
1,4,0,510,0,4,4
1,25,3,9985,36000,5,8
0,10,0,934,0,4,5
0,12,0,1244,0,8,2
1,9,0,6274,0,7,2
0,8,0,1819,0,14,1
1,6,2,6843,4600,11,9
1,2,0,207,0,6,11
0,10,0,2970,0,9,1
0,5,0,6029,0,8,4
1,3,0,9,0,6,11
1,4,0,17513,0,5,1
1,5,0,1269,0,5,7
1,5,0,2999,0,8,10
1,6,0,4110,0,3,7
0,14,0,256,0,3,1
0,3,0,777,0,6,1
1,6,0,698,0,5,9
1,1,2,5000,16500,13,8
0,6,0,102,0,2,2
0,5,0,1330,0,26,1
0,13,0,1739,0,7,1
0,2,0,16,0,5,4
0,12,0,290,0,3,1
1,15,0,929,0,3,2
0,2,0,31,0,3,4
0,13,0,820,0,6,3
1,8,0,306,0,2,4
0,5,0,161,0,15,3
0,14,0,2607,0,8,1
0,13,0,1135,0,7,1
1,2,0,61,0,6,9
0,13,0,454,0,5,1
1,8,0,2046,0,3,10
0,3,0,1080,0,22,1
1,5,0,640,0,18,4
1,6,0,740,0,19,1
1,1,0,20,0,3,7
1,6,0,3378,0,23,3
0,9,0,127,0,6,4
1,2,0,30,0,19,7
0,38,0,12580,0,5,1
0,38,1,12290,4500,5,1
0,8,0,1520,0,3,1
0,39,0,19085,0,18,1
1,1,0,168,0,6,1
1,9,0,688,0,8,4
0,26,0,5949,0,6,1
0,12,0,1835,0,4,1
0,3,0,2615,0,5,6
1,3,0,1250,0,15,6
1,6,0,11861,0,16,6
1,2,0,9360,0,10,6
0,2,0,80,0,7,1
1,12,0,1070,0,5,10
1,13,0,239,0,5,6
1,5,0,110560,0,13,6
1,4,0,280,0,4,10
1,5,0,340,0,24,4
1,16,0,1384,0,5,3
1,1,0,2040,0,18,5
1,2,2,20280,41250,4,3
1,9,0,2423,0,6,11
0,20,0,4461,0,7,1
1,5,0,10556,0,17,10
0,13,0,528,0,6,1
1,8,0,558,0,7,11
1,6,0,1390,0,2,10
1,4,0,3623,0,4,8
0,4,0,357,0,8,1
1,10,0,447,0,6,7
0,30,3,56025,70750,18,1
0,1,0,11,0,17,1
1,4,0,4198,0,5,1
1,9,0,5512,0,5,9
1,2,0,23,0,5,1
0,7,0,405,0,3,2
0,14,0,938,0,7,1
1,4,0,160,0,4,1
0,9,0,55,0,7,1
0,2,0,13521,0,16,1
1,4,0,110,0,4,1
0,9,0,360,0,6,4
0,9,0,231,0,6,3
0,18,0,8144,0,5,1
0,4,0,260,0,15,1
1,2,2,1200,23000,18,2
0,6,0,750,0,6,8
1,5,0,2280,0,15,4
0,13,0,1155,0,5,1
1,3,3,84190,21500,25,11
1,3,0,6531,0,11,10
0,13,0,769,0,5,1
1,13,0,272,0,6,1
0,3,0,1500,0,6,6
0,4,0,98610,0,21,9
1,3,0,22400,0,9,2
1,4,1,13274,4500,17,9
1,4,0,227,0,7,11
0,5,0,150,0,4,4
1,3,0,24295,0,17,7
1,3,1,17263,4500,16,9
0,22,0,4605,0,7,1
0,17,0,1836,0,7,1
1,22,0,3080,0,8,3
1,3,0,50,0,3,7
0,26,0,6604,0,27,1
0,13,0,549,0,7,1
0,4,0,460,0,1,1
0,8,0,4797,0,7,1
1,5,0,90,0,26,10
0,9,0,133,0,13,2
1,0,2,0,35000,20,6
0,21,0,2660,0,2,1
0,10,0,858,0,6,1
0,7,0,7180,0,24,2
1,7,0,671,0,6,4
1,12,0,121,0,4,4
1,2,0,60,0,3,10
1,2,0,60,0,4,6
0,10,0,619,0,5,2
1,4,0,830,0,3,4
1,4,0,352,0,4,10
0,16,0,3623,0,4,1
0,13,0,1152,0,6,1
1,9,0,127,0,3,11
1,6,0,6900,0,2,4
0,5,0,128,0,7,3
0,12,0,2186,0,7,1
1,13,0,804,0,7,3
0,13,0,3027,0,21,1
0,9,0,105,0,5,2
1,6,0,264,0,7,11
1,17,0,6293,0,4,1
1,2,0,59,0,8,7
1,5,0,420,0,6,4
1,12,0,916,0,2,3
0,4,0,270,0,5,1
0,5,0,620,0,3,1
1,14,0,5743,0,4,5
1,14,0,765,0,8,9
0,13,0,483,0,5,1
0,22,0,1570,0,2,1
1,2,0,100,0,2,7
1,3,0,5638,0,4,10
0,25,0,9264,0,20,1
0,26,1,8521,14000,6,1
1,7,0,251,0,6,1
1,6,0,1500,0,3,1
1,5,0,469,0,3,7
0,26,0,19035,0,10,1
0,9,0,382,0,3,1
1,7,0,176,0,6,8
0,5,0,2167,0,23,2
1,4,0,1841,0,4,5
1,3,0,98,0,21,6
1,3,0,100,0,6,1
1,2,0,151,0,6,4
1,0,2,0,25500,26,11
1,5,1,60364,60000,4,7
0,13,0,1256,0,6,1
0,7,1,55800,2250,11,2
1,3,0,1500,0,10,3
0,9,0,126,0,2,1
0,32,1,18540,4500,16,1
0,7,0,2797,0,7,3
1,9,0,789,0,7,9
0,31,0,47006,0,11,1
1,5,0,456,0,5,1
0,13,0,924,0,6,1
1,5,0,19975,0,5,7
0,6,0,1360,0,2,1
1,5,0,1254,0,5,10
1,4,0,8224,0,25,7
0,5,0,9280,0,21,3
1,2,0,350,0,7,9
1,4,0,452,0,3,9
0,2,0,80,0,5,1
0,15,0,7988,0,7,1
1,5,0,1853,0,4,10
1,3,0,145,0,6,7
1,5,0,9600,0,25,6
0,12,0,10610,0,18,1
1,4,0,147,0,7,3
0,14,0,1967,0,6,1
1,5,0,163,0,5,2
0,13,0,318,0,3,1
0,3,0,1280,0,3,3
1,8,0,1102,0,6,10
0,13,0,1867,0,7,1
1,13,0,1166,0,5,10
0,30,0,9535,0,5,1
1,2,0,30,0,20,10
1,6,0,82,0,2,7
0,16,0,1052,0,7,1
0,12,0,2029,0,4,1
1,2,0,45,0,18,5
0,5,0,1220,0,22,1
0,26,1,16613,4500,12,1
0,18,1,60922,5500,23,1
0,9,0,1820,0,6,1
0,13,0,2808,0,7,1
0,3,0,1219,0,6,1
1,9,1,2861,29050,7,4
0,5,0,1320,0,22,1
1,26,2,13919,42500,4,4
1,6,0,444,0,17,3
0,5,0,20880,0,24,3
0,13,0,4717,0,4,1
0,26,0,6325,0,24,1
0,13,0,124,0,14,2
1,24,0,62464,0,6,7
1,12,0,6000,0,5,4
1,10,0,1979,0,5,10
0,22,1,11813,13500,7,1
0,22,0,2368,0,6,1
1,2,0,65,0,8,8
0,20,0,1983,0,8,1
1,7,0,549,0,3,3
0,13,0,6500,0,7,5
0,5,0,500,0,27,1
0,9,0,1470,0,15,1
1,1,2,95760,19650,3,10
1,18,0,7849,0,10,9
1,1,0,3200,0,17,6
0,6,0,21740,0,4,3
0,12,0,491,0,6,1
1,17,0,1432,0,7,7
0,22,0,7123,0,7,1
1,2,0,11766,0,23,10
1,2,0,161,0,5,11
1,2,0,650,0,3,4
0,13,0,3364,0,6,1
0,21,0,1644,0,3,1
0,17,0,1907,0,7,1
1,2,0,80,0,4,4
1,6,0,457,0,6,5
0,8,0,717,0,8,2
1,1,0,40,0,23,7
1,9,0,1097,0,5,4
0,10,0,1747,0,6,1
0,20,2,6920,17150,6,1
0,15,0,2489,0,6,6
0,13,0,570,0,2,1
1,2,0,30,0,2,7
1,5,0,290,0,27,4
0,9,0,1326,0,7,6
1,4,0,108212,0,10,11
1,3,0,259,0,8,2
1,3,0,11211,0,19,7
1,16,0,2152,0,6,4
1,5,0,1720,0,7,7
1,24,0,6986,0,20,4
0,6,0,420,0,2,1
0,3,0,2060,0,4,4
0,7,2,49640,47750,4,2
1,13,0,1663,0,7,3
0,22,0,5751,0,3,1
0,20,0,768,0,20,1
1,1,0,90,0,3,7
0,3,0,1500,0,10,3
1,2,0,70,0,3,7
0,8,0,480,0,5,2
1,8,0,213,0,7,5
1,6,0,440,0,5,1
0,27,0,19415,0,4,1
1,12,0,544,0,4,11
0,41,3,7210,111000,14,1
0,11,0,552,0,6,1
1,4,0,1225,0,6,5
1,2,0,24322,0,7,9
1,20,0,3208,0,2,5
1,5,0,430,0,20,4
1,20,0,18388,0,7,11
1,7,0,596,0,4,7
0,5,0,104,0,7,3
0,6,0,164,0,5,3
0,20,3,12900,62600,16,1
1,14,0,557,0,3,2
1,12,0,6000,0,6,3
0,15,0,5804,0,25,1
0,14,0,3646,0,7,3
0,13,0,2298,0,7,1
1,5,0,3158,0,20,7
1,17,0,9672,0,6,5
0,7,0,425,0,5,4
1,4,0,300,0,3,4
0,15,0,759,0,2,1
0,10,0,37416,0,23,3
0,6,0,4520,0,2,3
1,9,0,6760,0,6,5
1,12,0,957,0,4,5
1,3,0,173,0,4,3
1,1,0,54,0,3,3
0,2,0,5,0,5,1
1,4,0,2444,0,5,7
1,3,0,258,0,5,7
1,9,0,588,0,3,6
1,6,0,48900,0,16,11
0,42,0,38093,0,7,1
1,2,0,40,0,2,10
1,4,0,320,0,6,11
1,11,0,36,0,7,10
1,7,0,356,0,5,8
1,2,0,1000,0,24,3
1,2,0,41,0,3,1
0,5,0,1250,0,13,3
1,19,0,1339,0,4,2
0,24,0,1468,0,7,1
1,10,0,265,0,5,10
0,9,0,332,0,4,2
0,2,0,129,0,6,1
0,24,0,10899,0,6,1
1,6,0,1470,0,16,1
0,14,0,7050,0,10,1
1,5,0,73,0,7,4
1,13,0,863,0,6,3
0,10,0,926,0,2,1
0,7,0,191,0,7,1
0,7,0,80,0,16,1
0,6,0,1350,0,4,1
0,5,0,160,0,21,4
0,6,0,670,0,5,1
0,12,0,2005,0,23,1
0,4,1,90,53100,24,1
1,9,0,1227,0,2,3
0,13,0,1073,0,3,1
1,12,0,451,0,4,2
0,26,0,1603,0,7,1
1,13,0,545,0,6,6
1,7,0,152,0,8,2
0,25,0,15462,0,24,1
0,13,0,2976,0,20,2
1,5,0,1180,0,2,4
0,12,0,161,0,5,2
0,11,0,1057,0,2,1
0,1,2,2400,8300,2,4
1,6,0,4698,0,16,10
0,2,0,1920,0,26,6
0,6,0,150,0,14,1
0,5,0,3840,0,15,6
0,13,0,4494,0,2,1
0,7,0,5460,0,12,11
0,13,0,5672,0,5,1
0,21,0,55455,0,16,3
1,9,0,236,0,3,3
1,5,0,1170,0,3,7
0,14,0,3267,0,7,1
0,13,0,701,0,8,1
0,13,0,6200,0,6,1
0,21,1,41236,4500,17,1
0,7,2,35860,29450,7,2
1,4,0,1060,0,22,1
0,12,0,394,0,14,1
0,6,0,1160,0,5,1
0,5,0,98,0,25,1
1,3,0,4063,0,16,11
1,3,0,1250,0,12,6
0,66,0,53899,0,25,1
1,6,0,9449,0,20,6
1,2,0,1590,0,6,3
0,4,0,166,0,7,2
1,7,2,2185,30300,4,3
0,2,0,38,0,24,6
0,19,0,2022,0,2,1
1,10,0,317,0,6,4
1,12,0,3848,0,5,10
1,3,0,2061,0,6,7
0,6,0,1500,0,19,1
1,7,0,1998,0,2,5
0,24,0,6229,0,26,1
0,7,1,2083,4050,16,1
1,1,1,500,4500,18,7
1,3,0,135,0,6,11
1,5,0,140,0,2,7
1,10,0,1877,0,5,8
0,17,0,3307,0,15,1
0,39,0,32610,0,7,1
1,5,0,140,0,6,7
0,10,0,1637,0,8,1
1,3,0,1722,0,6,4
1,6,0,6200,0,6,9
0,33,0,9885,0,13,1
0,3,0,48,0,5,3
0,6,0,720,0,18,1
0,7,0,498,0,2,1
0,12,0,680,0,3,1
1,4,0,80,0,6,1
0,13,0,2990,0,7,1
0,5,0,620,0,5,1
0,14,0,634,0,3,1
1,1,0,480,0,3,6
1,8,2,368,16250,16,10
1,3,0,649,0,8,3
1,5,0,7154,0,14,8
0,31,3,41252,82000,25,1
1,14,0,123,0,6,2
0,29,0,13024,0,6,1
1,5,0,15939,0,18,7
1,1,0,20,0,6,10
1,7,0,4649,0,6,4
1,6,0,1340,0,20,10
1,1,1,64,5000,23,10
0,7,0,1720,0,21,1
0,23,0,24246,0,6,1
1,19,0,3330,0,3,2
1,4,0,51564,0,3,6
0,10,0,185,0,4,2
0,13,0,3189,0,5,1
0,5,3,20160,43000,9,3
1,8,0,22,0,4,11
0,4,0,2911,0,2,1
0,12,0,826,0,3,1
1,25,0,3859,0,4,9
1,9,0,131,0,4,3
1,2,0,23,0,7,4
1,5,0,1330,0,16,4
1,24,0,4548,0,4,7
0,20,0,5748,0,5,1
1,4,0,640,0,23,6
1,4,0,2930,0,2,5
0,6,0,3840,0,15,1
1,3,0,4010,0,14,4
1,5,0,1348,0,5,10
0,5,0,24240,0,21,3
1,5,0,790,0,3,4
1,10,0,586,0,7,9
0,17,0,7126,0,1,1
1,1,0,50,0,10,8
0,12,0,1306,0,13,1
0,3,0,983,0,6,5
0,21,1,47822,4500,14,1
0,4,0,70,0,16,4
1,2,0,840,0,4,6
0,12,0,1031,0,4,1
1,7,0,765,0,6,7
1,8,0,902,0,7,10
0,9,0,667,0,5,1
1,6,0,570,0,20,1
1,5,0,1380,0,4,4
0,5,0,810,0,22,1
1,6,0,7190,0,4,10
1,2,0,9122,0,6,8
0,7,0,11819,0,6,6
1,6,0,239,0,5,2
1,5,0,470,0,3,10
0,6,0,1640,0,17,1
0,13,0,1101,0,6,5
0,6,0,1150,0,7,3
1,4,0,130,0,1,1
0,6,0,870,0,16,1
1,4,0,79,0,20,10
1,4,0,140,0,6,1
1,3,0,40,0,16,1
1,5,0,1930,0,18,1
0,10,0,788,0,4,1
0,10,0,276,0,6,1
1,8,0,41831,0,19,9
1,13,0,1915,0,5,8
1,3,0,9,0,7,9
0,20,0,3800,0,8,1
0,9,0,575,0,5,1
1,4,0,1080,0,4,4
0,3,1,410,4500,19,1
1,12,0,2530,0,6,8
0,11,0,997,0,5,2
0,13,0,450,0,21,1
1,5,2,10920,28500,10,3
0,10,0,3364,0,6,2
1,6,0,66569,0,20,7
1,5,2,7500,22200,16,3
1,8,0,158,0,3,9
0,9,0,168,0,7,1
1,5,0,167,0,3,7
1,12,0,417,0,4,10
0,5,0,80,0,3,1
1,2,0,1042,0,5,7
0,5,0,1170,0,22,1
1,3,0,200,0,6,5
1,6,0,384,0,6,5
0,5,0,438,0,6,7
1,3,1,12939,32550,3,2
1,6,0,12383,0,23,9
1,5,0,510,0,19,7
1,4,0,279,0,4,11
1,17,0,10296,0,6,11
1,3,0,671,0,8,10
0,12,0,1098,0,6,1
0,11,0,152,0,8,1
1,13,0,8136,0,4,11
0,6,0,330,0,3,1
1,6,0,1151,0,7,1
0,10,0,164,0,6,1
0,5,0,530,0,25,1
0,14,0,703,0,3,1
1,5,0,140,0,7,1
1,7,0,188894,0,11,11
1,4,0,230,0,25,4
0,10,0,491,0,7,1
1,3,2,3290,9000,22,10
0,20,0,30832,0,14,1
0,4,0,1969,0,5,2
1,13,0,7392,0,5,11
0,5,0,21240,0,15,3
1,3,0,930,0,2,1
0,6,0,290,0,17,1
0,13,0,1262,0,7,1
1,2,0,5000,0,7,3
0,24,1,3198,10000,17,1
1,2,0,47,0,7,5
1,3,0,150,0,16,4
0,3,0,22440,0,25,8
1,1,0,167,0,4,9
0,12,0,674,0,6,1
0,25,0,2867,0,5,1
1,6,0,10940,0,2,8
1,12,0,6000,0,5,5
1,5,0,1100,0,2,1
1,6,0,4051,0,6,9
1,8,0,2921,0,22,8
1,5,0,360,0,6,1
1,7,0,348,0,3,8
1,8,0,572,0,3,8
0,5,0,1720,0,6,1
0,13,0,938,0,19,1
1,11,0,83,0,4,5
1,11,0,552,0,6,9
1,7,0,2628,0,2,9
0,5,0,680,0,23,1
0,11,0,21750,0,15,1
0,28,0,16798,0,9,1
1,3,0,148,0,5,10
1,1,0,785,0,20,6
1,1,1,15390,15350,17,5
1,4,0,1184,0,3,7
0,5,0,6000,0,7,3
0,10,0,801,0,3,1
0,5,0,2220,0,14,1
0,13,0,1580,0,8,1
1,4,0,12600,0,3,8
0,3,0,1500,0,14,3
0,21,7,20907,109200,25,1
0,16,0,16410,0,14,1
0,21,0,14454,0,8,1
1,6,0,1290,0,4,10
1,11,0,2083,0,3,11
0,8,0,115,0,5,4
0,13,0,2038,0,7,1
0,20,0,5175,0,18,1
0,10,0,524,0,6,1
0,4,4,12480,27000,8,3
1,4,0,270,0,16,1
0,7,0,570,0,7,1
0,13,0,2660,0,6,1
1,3,0,1500,0,10,9
0,6,0,2000,0,25,1
0,16,0,997,0,7,1
1,1,0,1680,0,19,1
0,12,0,376,0,5,1
0,24,0,8305,0,8,1
0,8,0,327,0,2,1
1,1,0,6000,0,6,4
0,6,0,1910,0,6,1
0,1,0,360,0,19,2
0,12,0,585,0,5,1
1,4,0,18039,0,6,6
0,8,1,17860,28000,3,2
1,4,2,63344,8250,20,8
1,2,1,1800,6000,5,1
1,5,0,640,0,2,9
0,19,0,2320,0,5,1
1,3,0,58560,0,6,9
1,1,0,20,0,27,7
0,24,0,1978,0,4,1
1,4,0,110606,0,25,8
1,2,0,15472,0,25,7
0,4,0,38,0,6,8
1,5,0,150,0,5,1
1,8,0,336,0,2,11
0,11,2,24670,57100,22,1
1,12,0,614,0,14,10
1,1,0,20,0,3,4
1,2,1,70700,70000,5,8
0,12,0,1030,0,6,1
1,5,0,1120,0,1,1
1,4,0,484,0,26,8
0,26,0,19318,0,5,1
0,10,0,398,0,8,2
0,5,0,23360,0,16,3
0,13,0,2581,0,2,1
0,13,0,682,0,5,1
0,1,0,16,0,5,6
1,3,0,42,0,5,2
0,5,0,360,0,4,1
0,14,0,3111,0,4,1
1,3,0,120,0,4,4
0,6,0,1120,0,22,1
1,5,0,1220,0,2,4
0,16,0,5937,0,2,1
0,7,1,1490,61200,20,1
0,6,0,1610,0,4,1
1,3,0,17576,0,6,11
0,5,0,240,0,21,1
0,1,0,720,0,7,1
1,1,0,8,0,5,4
0,5,0,620,0,7,1
0,8,0,1332,0,7,2
1,6,0,59,0,6,9
0,12,0,993,0,4,1
1,5,0,340,0,8,1
0,5,0,3120,0,4,3
0,13,0,2339,0,5,1
1,3,0,98,0,5,4
0,10,0,1543,0,5,5
1,3,0,168,0,7,4
1,3,0,160,0,6,10
1,3,0,490,0,3,7
1,1,0,15720,0,10,8
0,3,0,1500,0,14,3
0,6,0,30,0,5,2
0,13,0,2917,0,1,1
1,1,0,109,0,4,4
1,7,0,414,0,7,5
0,13,0,1351,0,8,1
1,7,0,223130,0,10,7
1,1,0,480,0,2,3
1,1,0,21,0,7,5
1,2,0,746,0,17,7
0,13,0,565,0,7,1
1,25,4,12390,66500,25,1
1,24,0,59355,0,20,10
1,6,0,2200,0,5,7
1,11,0,624,0,7,3
0,13,0,982,0,7,1
0,5,1,7320,41700,13,3
0,6,0,8340,0,12,3
1,5,0,420,0,11,9
0,4,0,16080,0,6,1
1,11,0,13581,0,6,8
1,4,0,617,0,5,11
1,3,0,1750,0,10,6
1,10,0,697,0,6,11
0,26,0,8661,0,6,1
0,28,0,10445,0,24,1
1,5,1,6600,2900,7,6
0,5,0,370,0,3,1
0,15,0,1047,0,7,2
0,6,0,898,0,16,2
0,12,0,177,0,6,1
0,13,0,541,0,7,1
1,7,0,3530,0,22,1
0,7,1,34520,63250,5,2
0,11,0,708,0,6,4
0,10,0,1575,0,7,1
0,6,1,11560,15000,26,3
1,2,0,1073,0,6,4
1,13,0,6500,0,7,7
1,0,2,0,4058,4,3
0,8,0,819,0,4,1
1,2,0,7500,0,7,1
0,11,0,1391,0,3,4
0,7,0,17660,0,21,2
0,21,0,10536,0,7,1
0,10,0,4570,0,5,1
0,15,0,1915,0,4,1
0,6,0,1680,0,17,1
0,6,0,3130,0,10,3
0,27,0,11189,0,16,1
0,6,0,575,0,7,7
0,6,0,445,0,7,1
1,1,0,296,0,4,10
1,2,0,645,0,7,7
1,2,0,47,0,8,11
0,8,0,498,0,7,1
1,12,0,992,0,6,4
1,21,0,1263,0,3,5
1,4,0,106,0,5,4
0,5,0,1520,0,3,1
1,6,0,1924,0,6,10
0,17,0,258,0,6,1
0,3,0,1500,0,13,6
1,5,0,490,0,3,1
0,4,0,280,0,7,3
1,2,0,106,0,8,7
1,3,0,221,0,5,1
0,14,0,2629,0,7,1
0,11,0,6290,0,17,3
1,3,0,364,0,6,10
1,0,1,0,4000,19,8
0,6,0,2640,0,4,1
0,8,0,1645,0,5,3
1,2,0,21360,0,3,2
1,1,1,13000,13000,2,1
1,20,1,103505,4500,15,7
0,26,1,40180,4500,6,1
1,5,0,900,0,3,1
0,18,0,4610,0,15,1
1,0,1,0,7500,20,11
1,0,2,0,18500,12,6
1,6,0,208,0,5,4
1,13,0,617,0,11,8
0,1,0,201,0,6,1
0,7,0,1639,0,6,1
1,5,0,260,0,5,4
0,14,0,3119,0,6,1
1,3,0,30,0,18,1
1,2,0,7066,0,4,10
1,12,0,397,0,5,8
1,3,0,249,0,6,5
0,28,0,5879,0,19,1
1,5,0,414,0,2,9
0,13,0,636,0,8,1
1,8,0,456,0,3,11
0,20,0,281,0,6,1
1,7,0,474,0,7,7
1,11,0,290,0,7,8
1,3,0,130,0,4,1
1,8,0,357,0,6,6
1,4,0,310,0,20,1
1,3,0,10533,0,16,10
0,12,0,1196,0,7,1
1,6,0,20298,0,13,9
0,9,1,7364,4500,23,1
0,12,0,3149,0,6,5
1,1,0,44,0,6,8
1,7,0,168,0,6,7
0,11,0,261,0,3,2
0,5,0,786,0,4,1
1,2,0,750,0,20,3
1,6,0,1310,0,7,7
1,12,0,1095,0,8,10
0,2,0,71,0,8,2
1,8,0,19,0,5,6
0,12,0,248,0,6,1
0,15,0,2137,0,15,1
0,21,0,4441,0,6,1
1,26,0,48372,0,16,8
1,0,2,0,44200,11,3
1,2,0,2400,0,15,7
0,13,0,769,0,3,1
0,5,0,440,0,16,1
1,7,0,170,0,3,5
0,5,0,44,0,15,2
1,7,0,2321,0,5,6
1,6,0,410,0,4,1
0,12,0,427,0,5,1
0,13,0,872,0,5,2
0,6,0,2710,0,1,1
1,2,1,4812,5900,6,3
0,5,0,229,0,5,4
1,5,0,1250,0,5,10
0,9,0,387,0,6,1
0,30,1,5132,4500,21,1
0,4,0,4668,0,20,6
1,4,0,370,0,3,1
0,7,2,32880,12500,10,2
1,6,0,8777,0,5,11
1,1,0,10,0,6,7
0,25,0,8418,0,6,1
1,8,0,573,0,7,1
1,1,0,33,0,7,8
0,12,0,2660,0,25,1
1,3,0,406,0,3,3
0,21,0,1417,0,3,1
1,13,1,101450,91400,17,1
0,5,1,5120,4500,17,6
1,13,0,409,0,7,2
1,6,0,373,0,8,10
0,5,2,7560,52000,17,3
0,5,0,7680,0,22,3
1,5,0,260,0,9,10
1,5,0,160,0,2,1
1,13,0,406,0,5,9
0,6,0,223,0,5,1
1,1,0,19,0,14,2
0,6,0,1750,0,2,1
0,2,0,125,0,8,6
0,11,0,1494,0,20,2
0,28,1,48034,7500,14,1
1,3,0,452,0,3,7
0,5,0,850,0,6,1
0,4,0,154,0,5,3
1,2,0,335,0,3,10
0,3,0,1500,0,8,3
1,6,0,820,0,2,1
0,5,0,620,0,14,1
0,9,0,4981,0,3,7
0,19,0,12091,0,27,1
0,1,0,10,0,2,2
0,7,0,315,0,17,2
0,7,0,17520,0,2,2
0,5,1,79200,20000,13,3
0,32,0,3824,0,25,1
1,2,0,70,0,3,3
0,7,0,14200,0,6,2
0,34,0,13355,0,7,1
0,8,0,15520,0,15,2
1,7,0,166,0,6,9
1,6,0,4230,0,6,2
1,6,0,1635,0,4,7
0,4,0,1920,0,10,2
1,2,0,126,0,21,11
1,1,0,3053,0,14,1
0,5,0,314,0,7,2
1,11,1,112388,7500,3,6
1,7,5,222616,102600,25,7
0,2,0,133,0,6,1
1,6,0,910,0,3,1
0,7,0,91,0,7,6
1,8,0,170,0,4,11
1,3,0,90,0,27,4
0,14,0,885,0,7,1
1,5,0,1320,0,5,1
0,13,0,3923,0,6,1
0,17,2,9194,13500,15,1
1,3,0,80,0,25,7
1,5,0,1683,0,3,5
1,2,1,22554,7500,12,5
0,2,0,106,0,5,3
1,10,0,1763,0,5,6
0,23,0,4300,0,7,1
0,13,0,486,0,5,1
1,6,0,158,0,14,6
1,3,0,3210,0,6,5
1,3,0,470,0,16,1
1,5,0,244,0,4,10
1,4,0,1370,0,1,1
0,8,0,579,0,3,3
1,6,1,15458,7500,4,1
1,8,0,817,0,4,4
1,6,0,112280,0,15,3
1,3,0,552,0,7,7
1,3,0,57,0,5,3
1,18,0,1229,0,3,5
0,5,0,957,0,2,6
1,3,0,6083,0,5,9
0,7,2,23510,9000,2,1
1,3,0,2093,0,15,10
0,36,0,12777,0,23,1
0,5,0,1070,0,17,1
0,11,0,26873,0,5,6
0,4,0,249,0,6,2
0,22,0,2766,0,15,1
1,5,0,10945,0,5,10
0,3,0,1500,0,9,3
1,9,0,578,0,6,3
1,10,0,152,0,3,11
0,9,0,459,0,4,1
0,5,0,28680,0,17,3
1,8,0,20080,0,5,4
1,6,0,2490,0,5,10
0,13,0,1999,0,6,1
0,11,0,986,0,7,1
0,13,0,407,0,6,1
1,1,0,8,0,7,6
0,13,0,1215,0,5,1
1,3,0,5760,0,18,11
0,5,0,1250,0,5,3
1,6,0,380,0,11,4
0,13,0,9675,0,17,1
0,6,0,1930,0,18,1
0,26,0,7368,0,27,3
0,13,0,888,0,7,1
1,2,0,6,0,7,7
0,7,0,147,0,5,1
1,23,0,3325,0,5,7
0,26,0,17090,0,5,1
0,0,2,0,17300,2,3
0,13,0,551,0,4,2
0,5,1,470,4500,25,1
0,7,0,351,0,14,1
1,11,0,954,0,6,3
1,3,0,60,0,2,4
0,13,0,1516,0,4,1
1,1,0,9,0,6,1
1,4,0,366,0,6,2
1,6,0,4740,0,4,10
1,15,0,973,0,11,1
0,10,2,62280,44150,6,1
0,5,0,552,0,4,2
0,11,0,287,0,6,1
0,26,0,1698,0,6,1
1,9,0,752,0,6,11
1,12,0,16316,0,16,7
0,5,0,1250,0,11,3
0,12,0,3258,0,5,1
1,5,0,829,0,3,10
0,22,0,3307,0,6,1
0,18,1,15630,4500,2,1
0,26,0,1093,0,2,1
1,5,0,1171,0,4,8
0,3,0,178,0,5,2
0,8,0,2052,0,26,4
1,8,0,4907,0,6,5
1,3,0,103,0,8,7
1,2,0,170,0,5,11
0,14,0,33795,0,6,5
1,4,0,418,0,17,7
1,1,0,3,0,21,7
0,15,0,626,0,5,2
0,2,0,1500,0,2,4
0,24,1,22065,7500,8,1
1,7,5,117320,167850,24,4
0,19,0,925,0,6,1
1,3,0,51,0,6,3
0,5,0,17920,0,13,3
0,12,0,457,0,6,1
0,12,0,2215,0,5,1
0,4,0,215,0,3,1
1,8,0,700,0,5,2
0,13,0,4246,0,5,1
1,3,0,88,0,7,11
1,5,0,1170,0,26,7
1,15,0,370,0,4,2
1,2,0,31,0,23,1
1,4,0,12637,0,22,7
1,4,0,2273,0,5,6
0,14,0,892,0,8,1
0,14,1,6949,4500,7,1
1,5,0,2269,0,6,8
1,12,0,1110,0,17,1
0,7,0,31,0,2,9
1,2,0,40,0,6,1
0,12,0,1421,0,2,1
1,4,0,100,0,26,4
0,13,0,3277,0,7,1
1,3,0,76,0,4,1
0,20,2,774,69950,8,1
1,6,0,1500,0,26,10
1,2,0,83,0,8,11
0,25,0,2459,0,7,1
0,13,0,1463,0,19,1
1,3,0,159,0,5,6
0,2,0,2040,0,16,2
0,25,0,9287,0,6,1
1,10,0,958,0,3,4
0,18,0,802,0,5,1
1,13,2,6500,43950,6,6
1,4,0,4539,0,4,7
1,4,0,290,0,3,7
1,1,0,102,0,6,3
1,5,0,25120,0,13,6
1,11,0,995,0,4,4
1,9,0,1362,0,22,11
1,4,0,55099,0,19,10
0,13,0,660,0,7,1
0,23,1,5358,7500,13,1
0,5,0,4640,0,24,3
1,6,0,416,0,7,7
1,5,0,1170,0,16,4
1,3,0,50,0,22,10
0,9,0,1686,0,7,2
0,21,0,4107,0,6,4
1,9,0,431,0,7,10
1,10,0,707,0,7,10
0,13,0,1791,0,5,1
0,26,3,26805,48650,25,1
1,1,0,7,0,3,2
1,4,0,618,0,4,7
0,14,0,3672,0,7,1
1,5,0,11817,0,2,1
1,2,0,40,0,6,4
0,13,0,758,0,5,1
1,1,2,250,27500,23,3
1,5,0,1632,0,4,10
0,8,0,617,0,6,1
1,6,0,1310,0,16,4
0,7,0,403,0,6,6
1,1,0,30,0,18,4
0,7,0,751,0,3,1
0,8,0,223,0,6,3
1,6,0,1760,0,11,1
0,7,0,1091,0,8,1
0,13,0,1775,0,5,1
0,17,0,4152,0,3,1
1,19,0,400,0,5,2
0,1,0,20,0,5,1
1,3,0,60,0,5,1
1,22,0,347,0,1,1
0,9,0,2117,0,7,2
1,0,5,0,215750,9,1
0,4,0,505,0,7,9
0,7,0,24960,0,15,2
1,6,0,70300,0,4,1
0,13,0,3662,0,5,1
1,4,0,120,0,24,9
1,3,0,1250,0,5,3
0,13,0,1002,0,9,2
0,15,0,5613,0,3,1
0,13,0,3088,0,7,1
0,27,3,18661,35850,16,1
0,11,0,5156,0,18,2
0,7,0,330,0,8,1
1,15,0,362,0,3,5
0,31,0,134540,0,17,1
1,7,0,270,0,3,7
1,5,0,2788,0,2,7
1,6,0,50022,0,3,5
0,11,0,103,0,7,1
0,6,0,228,0,6,2
1,9,0,724,0,27,10
0,3,0,55,0,7,8
0,5,0,370,0,7,1
1,2,0,9335,0,5,1
1,1,0,30,0,23,7
0,13,0,271,0,8,1
1,4,2,20580,8550,4,8
0,26,0,12929,0,7,1
1,4,0,470,0,3,4
0,5,0,6720,0,21,3
1,4,0,40,0,16,1
0,17,0,1440,0,4,1
1,3,0,60,0,3,9
1,11,0,2185,0,6,7
0,22,0,2329,0,14,1
1,3,0,1003,0,2,9
1,5,0,1250,0,12,3
1,6,0,150,0,4,4
0,17,0,2631,0,4,1
0,6,0,20500,0,24,11
0,4,0,649,0,7,1
1,8,1,56441,3750,18,7
1,13,0,1517,0,7,8
0,4,0,230,0,2,4
1,2,0,914,0,5,5
0,6,0,571,0,6,2
1,4,0,280,0,3,9
0,13,0,1635,0,7,1
0,2,0,473,0,5,3
1,16,0,9291,0,16,9
1,4,0,262,0,2,7
1,5,0,2076,0,2,10
0,3,0,140,0,18,1
1,7,0,53022,0,16,6
1,3,0,70,0,5,1
1,8,2,231146,35000,25,6
0,4,0,41040,0,3,2
1,0,2,0,84800,27,1
0,3,0,180,0,20,1
1,5,0,140,0,4,4
0,12,0,461,0,6,1
0,11,0,968,0,5,4
1,7,1,5980,20000,2,1
1,14,0,853,0,7,3
0,6,3,28217,12200,17,3
0,6,0,139,0,3,2
0,5,0,139,0,5,1
1,4,0,70,0,6,7
1,3,0,189,0,6,3
0,5,0,8280,0,2,3
1,5,0,1500,0,8,6
1,5,0,1260,0,19,10
1,5,0,390,0,5,10
0,6,0,480,0,2,1
0,8,0,9970,0,16,1
0,17,0,2919,0,7,1
0,10,0,696,0,5,3
0,27,0,14070,0,6,1
0,13,0,466,0,8,2
1,13,0,1453,0,7,2
0,4,0,300,0,5,5
1,5,0,16086,0,6,8
0,19,0,5501,0,7,1
1,5,1,1740,6000,24,1
0,41,0,27219,0,5,1
0,26,1,21720,7500,23,1
0,6,2,83620,80500,8,8
0,17,0,4396,0,3,1
0,5,0,17,0,5,1
1,13,0,311,0,6,3
1,5,0,52440,0,4,4
1,3,0,946,0,5,8
0,12,0,244,0,5,1
1,4,0,60,0,3,4
0,12,0,343,0,5,2
0,16,0,3687,0,16,1
1,21,0,4176,0,17,4
1,4,1,458,4000,7,11
1,1,0,20,0,14,4
0,6,0,52,0,3,1
0,31,1,9702,10000,25,1
1,2,0,60,0,13,10
0,17,0,1167,0,3,1
0,13,0,73,0,5,1
1,9,1,6000,7000,23,9
1,16,0,6492,0,3,11
1,8,0,678,0,6,4
1,5,0,130,0,6,7
1,2,0,101,0,6,7
1,6,0,7325,0,7,6
1,1,0,460,0,8,2
1,14,0,628,0,4,3
1,5,0,1410,0,6,7
1,2,0,100,0,22,1
1,5,0,590,0,3,1
1,1,2,6120,35350,6,7
0,9,0,409,0,5,1
1,3,0,64,0,25,11
1,5,0,990,0,3,1
0,5,0,10299,0,25,3
1,4,0,70,0,23,9
0,5,0,390,0,26,1
1,20,0,120711,0,5,9
1,1,0,840,0,21,3
0,5,0,260,0,17,1
1,5,0,8130,0,16,1
0,7,0,4510,0,11,1
0,5,0,250,0,7,6
0,5,0,120,0,16,1
0,13,0,445,0,6,1
0,8,0,145,0,21,8
0,7,0,63520,0,13,3
0,25,0,3685,0,15,1
1,13,0,3684,0,3,1
0,4,0,300,0,5,1
1,15,0,19498,0,5,7
1,11,0,1068,0,6,9
0,6,0,18,0,6,1
0,13,0,2196,0,2,1
0,31,0,6398,0,3,1
1,13,0,926,0,6,7
0,14,0,127,0,15,2
0,11,0,414,0,7,1
0,4,0,130,0,11,1
0,3,0,1500,0,7,3
1,6,0,43,0,8,8
1,10,0,151,0,8,3
1,13,0,6922,0,6,1
0,4,0,166,0,7,4
1,11,0,1746,0,7,10
1,12,0,1033,0,5,2
0,14,0,1016,0,1,1
1,4,0,1270,0,18,4
0,13,0,3402,0,5,1
1,8,0,218,0,6,8
0,3,0,90,0,2,1
0,5,0,610,0,4,1
0,6,0,9090,0,26,2
0,5,0,5400,0,3,3
1,1,0,190,0,3,3
1,8,0,11004,0,5,7
1,5,0,169,0,4,5
0,16,0,2129,0,3,2
1,10,0,481,0,7,10
1,60,0,931,0,1,2
0,7,0,384,0,5,1
1,4,1,3520,6500,16,3
0,20,0,1470,0,3,1
0,13,0,12120,0,18,2
1,5,0,218,0,5,2
1,5,0,641,0,4,10
0,13,0,1342,0,5,1
0,6,0,1440,0,2,1
1,4,3,75650,43100,13,11
0,5,0,16560,0,12,3
1,4,0,260,0,3,1
1,3,0,10350,0,6,3
1,2,0,60,0,27,7
0,16,0,4081,0,7,1
1,3,0,179,0,3,6
0,1,0,326,0,5,4
1,3,0,1680,0,21,3
0,11,0,164,0,3,1
0,4,0,1920,0,7,2
0,8,0,1450,0,12,1
0,3,0,107,0,5,2
1,3,0,691,0,5,7
0,14,0,1481,0,8,1
0,24,0,24253,0,2,1
1,5,0,50638,0,11,10
0,6,0,2532,0,25,6
0,12,0,130,0,7,1
1,2,0,2880,0,2,3
0,12,0,452,0,6,1
0,11,0,2220,0,6,1
0,14,0,4216,0,23,1
1,5,0,124,0,12,6
0,4,1,4320,4500,24,3
0,24,0,3303,0,3,1
1,13,0,668,0,5,7
1,13,0,10340,0,4,10
0,5,0,1250,0,9,3
1,6,0,1504,0,4,7
1,14,0,1979,0,6,4
0,13,0,722,0,4,1
1,10,0,2501,0,6,5
1,1,0,135,0,3,7
1,1,0,15,0,6,4
1,4,0,1060,0,5,10
0,26,0,2591,0,5,1
0,11,0,331,0,7,2
0,5,0,17600,0,18,3
1,12,0,1121,0,5,6
0,6,0,323,0,5,1
1,6,0,279,0,7,6
0,7,0,561,0,6,1
0,13,0,576,0,5,1
0,28,1,44439,8000,21,1
1,3,0,170,0,14,4
0,22,0,551,0,6,1
1,8,1,21880,6900,16,2
1,3,0,1626,0,8,8
0,16,0,919,0,20,4
1,3,0,424,0,4,10
1,1,0,169,0,6,10
1,1,0,13,0,6,6
1,2,0,13600,0,23,2
1,2,0,70,0,22,10
0,12,0,1420,0,6,1
0,2,0,80,0,5,1
1,1,0,600,0,6,4
1,9,0,1242,0,3,6
1,1,0,5,0,19,3
0,10,1,24318,65800,22,4
0,30,0,7754,0,6,1
1,4,0,565,0,4,4
0,23,0,8438,0,14,1
1,5,0,4483,0,5,7
1,3,0,80,0,20,4
1,11,0,305,0,7,8
1,5,0,410,0,11,4
0,26,0,12298,0,27,1
1,3,0,246,0,5,2
0,13,0,2241,0,6,1
1,4,0,110,0,5,4
0,5,0,190,0,20,1
1,2,0,50,0,3,4
1,12,0,2192,0,5,6
1,6,0,1240,0,4,1
0,27,0,13696,0,19,1
0,14,0,7983,0,1,1
0,22,0,7576,0,19,1
1,5,0,728,0,5,10
1,3,4,860,18000,21,11
0,25,0,14207,0,26,1
0,21,0,965,0,8,1
0,6,0,1940,0,20,1
0,21,0,2471,0,3,1
0,20,0,1046,0,5,2
1,4,0,17,0,11,7
0,19,0,1855,0,6,1
1,4,1,12741,12500,5,9
0,14,0,7000,0,5,1
0,12,0,2108,0,6,1
0,10,0,810,0,6,3
1,1,0,10,0,20,4
1,13,0,3130,0,7,3
0,11,0,170,0,3,1
1,6,0,165,0,3,6
1,5,0,640,0,4,4
1,6,0,1026,0,5,5
1,1,0,10,0,12,7
1,9,0,115,0,5,10
0,26,1,21190,23450,17,1
1,3,0,563,0,6,8
0,13,0,901,0,7,1
0,26,1,10960,35550,7,2
1,12,0,2753,0,6,1
0,6,0,1970,0,4,1
0,11,0,395,0,8,1
0,7,0,1165,0,7,3
0,35,0,12400,0,23,1
0,15,0,703,0,6,4
1,5,0,487,0,7,10
1,16,0,2209,0,13,7
0,5,0,331,0,3,1
0,6,0,557,0,3,1
1,1,0,2,0,9,9
0,3,0,91,0,6,2
1,5,0,6230,0,17,4
1,12,0,1245,0,5,2
1,5,0,840,0,20,9
0,6,0,1890,0,2,1
1,8,0,97,0,7,7
1,12,0,6000,0,5,3
0,3,0,140,0,14,1
0,12,0,462,0,4,2
0,16,0,2358,0,6,4
1,1,0,175,0,15,1
0,23,0,91911,0,6,1
0,2,0,2640,0,5,2
0,3,0,1868,0,8,2
1,8,0,119950,0,16,6
1,6,0,1550,0,2,1
0,2,0,2,0,5,1
1,5,0,2696,0,3,10
0,10,0,971,0,5,8
0,13,0,4673,0,5,1
1,5,0,207,0,13,8
1,2,0,122,0,5,1
1,13,0,1033,0,8,7
0,25,0,6079,0,4,1
0,9,0,629,0,7,1
1,5,0,140,0,27,9
1,6,3,3000,56854,7,8
0,20,0,6694,0,18,1
1,9,0,1410,0,8,11
0,7,1,7760,9572,8,2
0,22,0,1233,0,2,1
1,20,0,4734,0,6,5
1,1,0,7,0,5,2
0,13,0,1163,0,6,1
1,20,0,7455,0,3,10
0,14,0,600,0,8,1
1,5,0,440,0,23,1
1,2,0,148,0,7,4
1,1,0,2,0,6,8
1,14,0,605,0,6,3
1,4,0,78,0,6,3
1,2,0,110,0,18,9
1,4,0,1015,0,5,10
0,7,0,233,0,7,1
0,6,0,2330,0,4,1
0,13,0,899,0,7,1
0,55,3,24806,138950,19,1
0,2,0,70,0,4,4
1,1,4,15316,58000,8,6
0,25,0,2836,0,4,1
0,26,0,5753,0,7,1
1,7,0,486,0,5,9
0,13,0,2014,0,6,1
1,2,1,900,4500,6,10
1,5,0,460,0,2,4
1,2,0,24,0,8,7
1,17,0,36261,0,8,11
1,1,0,19,0,2,1
1,5,0,4281,0,19,10
1,10,0,647,0,6,11
0,7,0,21440,0,14,2
0,13,0,623,0,7,1
1,0,1,0,12500,11,7
0,14,0,2256,0,19,1
0,13,0,1888,0,6,1
1,5,0,33,0,2,3
1,2,0,189,0,8,3
0,5,0,1206,0,7,3
0,14,0,1135,0,3,1
0,5,3,11640,40000,6,3
1,3,0,130,0,3,7
0,5,0,480,0,22,1
0,5,0,510,0,0,1
1,7,0,2148,0,4,11
1,1,0,2,0,20,2
0,13,0,270,0,5,1
1,6,0,470,0,17,1
1,9,0,2214,0,7,4
0,9,0,119,0,5,3
0,6,0,1400,0,15,1
1,3,0,375,0,2,7
1,2,0,60,0,5,10
1,2,0,1010,0,6,4
0,26,0,3730,0,5,1
0,16,0,1591,0,7,1
1,6,0,4500,0,7,11
0,9,0,343,0,8,1
0,9,0,472,0,7,1
1,4,0,1310,0,4,10
0,8,0,486,0,7,4
0,7,0,12302,0,12,1
0,7,0,464,0,6,1
1,4,0,16636,0,25,2
1,13,0,6500,0,6,4
0,6,0,451,0,6,3
1,1,0,10,0,6,9
1,11,0,5863,0,5,6
0,3,0,90,0,5,1
1,8,0,292,0,6,10
0,13,0,1109,0,7,1
1,1,1,1200,7000,16,11
0,12,0,637,0,7,1
1,5,0,7060,0,24,4
1,3,0,90,0,18,1
0,9,0,1297,0,2,2
0,5,0,6720,0,22,3
0,12,0,4179,0,6,1
0,5,0,210,0,1,1
1,4,0,34,0,2,7
0,16,2,15075,25900,22,1
0,5,0,5120,0,19,3
0,27,0,9833,0,6,1
0,6,0,1646,0,6,1
0,13,0,2620,0,4,1
0,23,0,20148,0,13,1
0,26,0,11837,0,4,1
1,4,0,594,0,4,10
0,26,0,5793,0,15,1
0,13,0,1049,0,6,1
1,3,0,136,0,6,11
0,13,0,4144,0,2,1
1,5,0,1500,0,15,6
1,3,0,290,0,18,1
1,3,0,7800,0,21,2
0,6,0,1400,0,2,1
1,1,1,1000,10000,2,6
0,5,0,316,0,4,3
0,5,0,510,0,20,1
0,17,0,1460,0,5,1
1,8,1,28495,27000,9,11
1,2,0,80,0,24,4
0,6,0,1560,0,10,1
0,21,0,2362,0,6,1
0,13,0,5323,0,8,1
1,2,0,30,0,5,10
0,26,1,10650,6000,5,1
1,2,0,1830,0,6,1
0,7,0,36080,0,11,2
1,8,0,11173,0,13,9
1,14,0,840,0,4,1
0,11,0,1821,0,7,1
0,13,0,1306,0,4,1
0,2,0,45480,0,23,1
1,5,0,1712,0,4,7
1,4,0,270,0,6,9
1,5,0,1191,0,3,2
1,2,0,158,0,6,3
0,5,0,557,0,18,4
1,6,0,1300,0,4,7
0,9,0,992,0,6,1
1,2,0,1579,0,3,7
0,42,0,2556,0,19,1
0,13,0,5397,0,5,1
0,15,2,2862,9000,18,1
1,6,0,1054,0,5,11
1,3,0,7500,0,9,11
1,22,1,14077,4050,22,5
1,1,0,1500,0,7,11
0,13,0,1611,0,6,1
0,6,0,420,0,17,1
0,3,0,1500,0,15,6
1,1,0,10,0,7,7
1,7,0,32640,0,9,2
1,2,0,192,0,5,6
0,3,0,527,0,6,2
1,6,4,22807,69300,3,9
1,4,0,282,0,3,6
0,8,0,211,0,5,1
0,4,0,124,0,4,2
1,9,0,1935,0,3,11
0,7,0,30140,0,8,2
1,4,0,27807,0,18,2
1,5,0,863,0,3,8
0,6,0,490,0,3,7
1,6,0,56710,0,25,9
1,3,0,100,0,3,7
1,10,0,773,0,8,3
1,0,8,0,93400,16,1
0,12,0,1296,0,7,2
1,11,0,794,0,5,1
0,7,0,171,0,7,4
1,3,0,2560,0,7,9
0,0,1,0,21750,19,1
1,8,0,58,0,4,3
1,2,0,80,0,3,1
1,2,0,6601,0,6,11
1,3,0,80,0,7,7
0,30,0,16607,0,15,1
0,10,0,1584,0,22,1
0,5,0,520,0,5,1
0,11,0,496,0,3,1
0,14,0,2292,0,6,1
1,21,0,6375,0,6,4
1,6,0,995,0,6,3
1,3,0,14900,0,12,8
0,9,0,289,0,7,1
1,8,0,9454,0,4,10
0,8,0,214,0,6,3
1,3,0,2560,0,19,6
0,6,0,350,0,15,1
0,25,0,1691,0,5,1
1,5,0,76,0,4,8
1,10,0,168,0,3,4
0,5,0,4800,0,12,3
0,6,0,3490,0,5,1
1,4,0,12750,0,11,6
1,2,1,750,4500,6,7
1,5,0,2992,0,3,7
0,10,0,9050,0,10,1
0,13,0,2052,0,8,1
0,13,0,2896,0,23,1
1,2,0,190,0,2,1
0,13,0,6897,0,6,1
0,19,0,1644,0,6,1
0,1,0,75,0,6,5
0,31,0,710,0,1,1
0,25,0,2786,0,6,1
1,23,0,11250,0,5,10
1,10,0,907,0,7,8
0,13,0,1729,0,5,1
0,11,0,431,0,8,1
0,4,0,390,0,7,4
1,5,0,17511,0,14,7
1,3,0,23176,0,24,5
0,13,0,13,0,5,1
1,3,0,253,0,5,7
1,7,0,338,0,4,3
0,3,0,1500,0,15,3
1,2,0,20880,0,5,4
1,19,0,1329,0,5,9
1,5,0,2570,0,11,8
0,9,0,184,0,8,3
1,3,0,150,0,3,10
0,10,0,190,0,5,2
0,12,0,921,0,5,1
1,8,0,39,0,6,7
0,13,0,2666,0,6,1
0,5,0,214,0,7,1
0,3,0,313,0,2,7
0,20,0,15188,0,8,1
0,25,0,9085,0,16,1
0,6,0,17900,0,7,3
1,1,0,50,0,4,1
1,24,0,7050,0,7,2
1,4,0,11060,0,12,2
0,3,0,120,0,19,1
0,11,0,1144,0,8,1
0,27,1,9755,36500,8,1
1,3,0,150,0,2,1
0,26,0,16013,0,23,1
0,5,0,1120,0,6,1
1,4,0,83,0,8,8
1,5,0,360,0,26,1
1,1,0,52,0,6,11
0,4,0,3520,0,12,3
1,12,0,363,0,7,3
0,13,0,142,0,7,1
1,8,0,9084,0,23,4
1,1,0,1500,0,6,2
0,13,0,4389,0,2,1
0,12,0,431,0,5,1
1,8,0,4196,0,6,8
1,1,0,30,0,6,4
1,2,0,40,0,5,10
0,13,0,3821,0,5,1
0,28,0,3848,0,5,1
1,5,0,452,0,4,10
1,1,0,3,0,13,2
1,2,0,110,0,6,10
0,26,0,11565,0,2,1
0,10,0,222,0,6,2
0,6,0,1320,0,10,1
0,7,0,1118,0,2,2
0,9,0,58400,0,4,3
1,8,0,270,0,6,10
1,1,0,47,0,12,7
0,3,0,327,0,2,3
1,7,0,950,0,13,7
1,3,0,51,0,6,1
0,4,0,100,0,23,1
0,9,0,548,0,7,1
1,12,0,1019,0,5,1
1,9,0,287,0,18,9
0,4,0,2160,0,2,3
1,5,0,282,0,6,3
0,10,0,348,0,7,1
0,3,0,118,0,4,3
0,5,0,460,0,4,1
1,3,0,60,0,20,10
1,4,0,60,0,3,4
0,26,0,6450,0,5,1
1,6,0,98,0,5,7
0,10,0,488,0,5,2
0,3,0,1500,0,25,3
1,6,0,2040,0,19,4
1,3,0,126,0,6,7
1,7,0,124,0,6,4
0,45,1,14397,99150,12,1
0,30,0,13086,0,8,1
1,5,0,920,0,2,4
1,2,0,82,0,3,2
0,12,0,3786,0,7,1
0,5,0,730,0,23,1
0,13,0,812,0,6,1
0,8,0,14960,0,8,1
1,2,0,36154,0,19,6
0,6,0,1190,0,17,1
1,2,0,26,0,5,5
0,1,0,10,0,25,4
0,13,0,918,0,7,1
0,9,0,182,0,5,1
1,2,0,209,0,5,10
1,1,0,10,0,5,3
0,26,0,1767,0,2,1
1,1,0,224,0,4,5
0,9,0,450,0,8,1
1,5,0,691,0,4,7
0,5,0,191,0,2,1
1,2,0,1832,0,16,6
1,12,0,474,0,7,9
0,6,0,14920,0,20,3
1,2,0,86,0,7,3
1,13,0,1211,0,3,9
0,3,0,579,0,24,1
1,5,0,69498,0,24,10
0,17,0,1467,0,7,1
1,15,0,11703,0,3,7
0,26,0,19589,0,11,1
1,19,1,6661,1970,7,8
0,22,1,8708,4500,6,1
0,7,0,112,0,6,1
1,6,0,1350,0,24,4
1,2,1,394,21000,25,3
0,14,0,34325,0,15,5
1,3,0,110,0,18,10
1,2,0,8496,0,7,3
1,3,0,5763,0,5,9
0,5,1,13600,15500,11,3
1,2,0,50,0,22,1
0,7,0,5970,0,25,1
0,8,0,3830,0,5,1
1,5,0,490,0,5,4
0,26,0,4392,0,5,1
1,3,0,60,0,6,4
1,3,0,8400,0,7,1
0,5,0,109,0,16,2
1,5,0,1958,0,4,10
1,4,0,6250,0,6,9
1,13,0,2379,0,5,6
1,8,0,8908,0,6,11
1,5,0,460,0,3,1
0,9,0,774,0,7,1
1,6,0,270,0,5,4
0,25,0,9243,0,18,1
0,5,0,1250,0,7,3
0,5,0,1620,0,20,1
0,6,0,460,0,17,1
1,4,2,100634,104750,20,7
0,12,0,2150,0,8,1
0,6,0,280,0,3,1
0,27,1,4179,4500,2,1
1,8,0,4486,0,5,8
0,14,0,2305,0,3,5
0,27,0,3162,0,15,1
1,13,0,1840,0,8,3
0,22,0,2556,0,3,1
0,5,0,1990,0,24,1
0,1,0,2,0,6,3
0,13,0,1062,0,6,1
0,7,0,349,0,4,1
1,12,0,417,0,5,2
1,7,0,940,0,2,7
1,3,1,5040,20000,17,10
1,1,0,98,0,12,1
0,27,2,4689,35750,15,1
1,1,0,840,0,18,7
1,6,0,264,0,7,10
0,5,0,210,0,16,1
1,5,0,7440,0,18,3
1,4,0,90,0,3,1
1,2,0,120,0,23,1
1,6,0,6620,0,3,4
1,6,0,238,0,26,6
1,4,0,1460,0,12,1
1,7,0,5703,0,5,11
1,11,0,511,0,2,6
1,2,0,8734,0,2,10
0,25,0,12004,0,3,1
1,14,0,5633,0,6,8
0,5,0,2160,0,7,1
0,8,0,5802,0,2,6
1,3,0,176,0,2,3
0,6,0,710,0,20,1
1,3,2,69171,37500,22,5
0,17,0,1566,0,4,1
0,3,0,998,0,11,10
0,4,0,170,0,22,1
0,20,0,1010,0,2,1
0,3,0,82,0,8,2
0,1,0,20,0,19,4
1,13,0,292,0,5,8
0,4,0,360,0,24,4
0,2,0,2720,0,25,2
0,10,0,2435,0,7,1
1,1,0,30,0,5,1
0,12,0,432,0,6,1
0,1,0,251,0,6,1
1,1,0,790,0,3,8
1,9,0,7610,0,21,4
0,26,0,22923,0,19,1
1,3,0,106,0,5,4
1,1,0,64800,0,2,2
1,7,0,1864,0,4,5
0,37,2,46018,12000,4,1
1,35,0,10877,0,4,4
0,16,0,22216,0,8,2
0,14,0,868,0,12,1
0,6,1,97530,7500,27,1
1,9,0,23044,0,21,11
1,4,0,360,0,5,7
1,1,0,15,0,4,1
1,3,0,50,0,5,9
1,2,0,1080,0,14,4
0,20,0,3377,0,8,1
0,6,0,440,0,1,1
1,9,0,891,0,7,4
0,9,1,5390,16550,13,1
0,10,0,1551,0,5,1
0,9,0,80,0,5,2
0,3,0,1500,0,23,6
1,4,0,180,0,23,7
1,10,0,320,0,21,3
1,5,0,1420,0,13,4
1,5,0,1880,0,9,7
1,6,0,1230,0,19,6
1,7,0,307,0,20,11
1,13,0,692,0,17,11
0,5,4,12500,51750,6,2
1,13,0,6500,0,6,6
1,2,0,1737,0,14,9
1,5,0,2827,0,6,7
0,11,0,380,0,5,4
0,3,0,90,0,17,7
1,24,0,8369,0,6,4
1,2,0,1200,0,11,3
1,3,0,351,0,6,10
1,10,2,24046,21150,3,7
1,4,0,8,0,5,8
0,6,0,1950,0,2,1
0,34,0,10626,0,6,1
1,12,0,239,0,2,9
0,3,0,1500,0,17,3
1,2,0,2510,0,10,7
1,4,0,248,0,6,5
0,27,0,25349,0,3,1
0,27,1,11577,28950,6,1
0,26,0,15426,0,7,1
1,3,0,1372,0,20,2
1,20,0,1215,0,6,7
0,5,0,1130,0,6,1
1,14,0,27325,0,16,6
1,1,0,20,0,12,7
0,9,0,5750,0,4,1
1,5,0,850,0,2,9
1,2,0,60,0,3,2
0,24,0,6053,0,6,1
0,22,0,10852,0,14,2
0,4,0,2520,0,2,3
1,12,0,5321,0,5,8
0,10,0,613,0,5,1
0,9,0,3590,0,10,1
0,9,0,278,0,8,1
0,3,3,4000,15750,15,3
0,4,0,5550,0,18,6
0,6,0,18250,0,8,1
0,7,0,13240,0,2,2
0,13,0,1567,0,7,1
0,6,0,320,0,15,2
0,4,0,1520,0,6,3
1,3,0,120,0,12,4
1,4,0,4266,0,14,7
0,6,0,169,0,7,3
1,4,0,200,0,8,1
1,5,0,570,0,7,4
0,13,0,680,0,5,1
1,1,0,20,0,20,4
1,9,0,22361,0,4,7
1,4,0,3960,0,17,3
0,10,0,1493,0,14,2
1,5,0,43,0,5,10
1,5,0,8307,0,17,10
1,5,1,9139,3750,16,10
1,3,0,50,0,5,9
0,6,0,2190,0,19,1
1,2,0,1110,0,13,4
1,3,0,1560,0,1,3
0,9,0,932,0,8,2
1,2,0,1600,0,16,9
1,3,0,490,0,24,4
0,8,0,202,0,8,3
1,7,0,169,0,6,11
1,2,0,30,0,23,10
1,12,0,3606,0,5,8
1,9,0,614,0,3,1
0,4,0,11895,0,11,6
1,11,0,4280,0,4,1
0,5,0,1910,0,23,1
0,3,0,2400,0,13,3
0,3,0,7920,0,16,2
1,8,0,513,0,7,8
1,5,0,990,0,22,9
0,13,0,1119,0,5,1
1,6,1,10634,10000,2,9
0,13,0,3147,0,5,1
0,26,0,5830,0,5,1
1,6,0,380,0,5,1
1,4,0,1250,0,10,6
0,6,0,137,0,5,1
0,15,0,3508,0,5,1
1,18,0,19400,0,5,7
1,2,0,6,0,6,3
0,67,0,1120,0,2,1
0,13,0,2625,0,20,1
1,6,0,1680,0,2,4
1,9,0,548,0,23,6
0,13,0,742,0,6,1
0,13,0,1347,0,6,1
0,6,0,145,0,7,4
1,3,0,70,0,5,4
1,0,1,0,46850,22,7
0,1,2,15480,22500,18,1
1,11,0,788,0,4,4
0,40,0,684,0,1,1
1,8,0,19004,0,2,5
1,5,0,1400,0,5,4
1,8,2,1450,52700,23,7
1,8,0,806,0,6,3
1,6,0,241,0,5,11
1,10,0,2113,0,6,9
0,4,0,4680,0,11,11
1,3,0,10154,0,11,4
1,4,1,80508,82000,16,9
1,5,0,37634,0,15,7
0,10,0,2197,0,6,1
1,1,0,3960,0,10,8
0,5,1,21960,4500,12,3
0,21,0,5220,0,10,1
0,30,0,21452,0,12,1
1,5,0,6240,0,3,3
0,12,0,14752,0,9,1
1,10,0,8065,0,6,8
0,9,0,818,0,2,1
0,13,0,1211,0,3,1
1,7,0,1143,0,8,6
0,1,0,358,0,7,3
1,2,0,203,0,4,9
1,10,0,2542,0,5,6
0,56,0,856,0,2,1
0,17,0,1499,0,2,2
1,4,0,1058,0,3,10
1,4,0,131,0,2,1
0,16,0,1856,0,6,1
0,8,0,126,0,2,1
1,2,0,35,0,4,2
0,33,0,651,0,2,1
1,5,0,1107,0,26,4
0,11,0,131,0,7,2
0,8,0,10220,0,6,9
0,5,0,170,0,4,1
0,13,0,815,0,5,1
0,7,0,1350,0,25,1
0,13,0,2336,0,7,1
1,5,0,17494,0,10,7
1,4,0,260,0,16,9
1,18,3,16266,9900,6,11
0,13,0,879,0,6,1
0,13,0,1680,0,5,1
0,7,0,5180,0,6,4
1,7,0,41890,0,5,11
0,6,0,920,0,2,1
1,5,0,200,0,3,10
1,5,0,2180,0,7,7
0,2,0,545,0,7,1
1,4,0,13000,0,7,9
1,17,0,15140,0,3,5
1,4,0,13549,0,14,10
0,9,0,1366,0,6,1
1,4,0,200,0,5,9
0,18,0,1784,0,6,1
1,5,0,1448,0,4,1
1,2,0,130,0,2,1
0,8,0,766,0,7,1
0,6,0,142,0,6,2
0,3,0,178,0,5,4
0,3,0,90,0,25,1
1,4,6,2128,36250,17,2
0,5,0,1250,0,9,3
0,13,0,556,0,7,1
0,8,0,2700,0,7,4
1,6,0,1820,0,3,1
1,1,0,287,0,8,9
1,16,0,17369,0,5,6
1,8,0,121387,0,25,9
0,27,0,22039,0,17,1
0,3,0,1500,0,9,6
1,7,0,54685,0,16,6
0,6,0,273,0,5,1
1,5,0,268,0,3,10
1,7,0,390,0,10,7
0,6,0,490,0,26,1
0,9,0,143,0,5,1
0,13,0,2111,0,7,1
1,2,0,30,0,5,1
0,12,1,23210,7500,18,1
1,2,0,16,0,9,11
0,13,0,679,0,3,1
1,12,0,3232,0,8,10
1,2,0,1552,0,3,8
0,12,0,2149,0,8,1
0,6,0,2430,0,18,1
1,12,0,15702,0,3,5
1,3,0,50,0,5,1
1,1,0,11760,0,3,3
1,5,0,160,0,24,7
1,2,0,267,0,7,3
1,4,0,1380,0,5,4
0,3,0,1500,0,11,3
1,12,0,40475,0,12,6
1,4,0,363,0,3,6
0,12,0,3070,0,3,1
1,11,0,150,0,6,2
0,14,0,1606,0,7,1
0,13,0,1547,0,21,2
0,7,0,6340,0,2,2
0,2,1,5400,25000,17,1
1,16,0,1909,0,5,7
1,2,0,1030,0,15,6
0,8,0,2364,0,8,3
1,1,0,70,0,7,3
1,5,0,360,0,18,1
0,86,0,3068,0,1,1
1,31,0,38717,0,23,4
1,3,0,382,0,6,3
0,21,0,3701,0,16,1
0,5,0,3240,0,13,2
1,9,0,82,0,7,1
0,13,0,3802,0,4,1
1,13,0,2686,0,5,1
0,24,0,15022,0,19,1
0,16,0,1236,0,25,1
1,1,0,26,0,7,11
0,26,4,9830,71000,8,1
0,5,0,554,0,5,2
0,5,1,1250,1950,25,3
0,6,0,192,0,3,2
1,5,0,500,0,5,4
1,1,2,1000,12000,7,1
0,13,0,862,0,16,1
0,12,0,741,0,8,1
1,6,0,120,0,26,1
1,5,0,4824,0,10,11
1,1,0,30,0,4,4
1,5,0,216,0,5,11
0,5,0,78,0,6,1
1,4,0,762,0,5,10
1,11,0,486,0,6,3
1,2,0,81,0,6,9
0,14,2,15253,8500,7,2
1,3,0,9156,0,3,8
0,12,0,2726,0,4,1
1,6,0,220,0,11,4
1,3,0,14497,0,5,5
1,2,0,10,0,6,8
0,13,0,2127,0,6,1
0,6,0,239,0,6,1
1,1,0,10,0,16,9
0,5,0,2850,0,21,1
1,6,0,300,0,5,4
0,10,0,790,0,19,1
1,10,0,1705,0,6,6
1,3,0,24738,0,19,5
1,5,0,4599,0,20,10
0,13,0,2876,0,7,1
0,21,4,5765,18000,6,1
0,5,0,3520,0,23,3
0,8,0,143,0,3,1
0,13,0,4249,0,6,1
0,8,0,329,0,3,1
0,17,0,1294,0,6,1
0,22,0,290,0,7,1
0,26,0,14360,0,16,1
0,13,0,1959,0,8,2
1,26,0,7316,0,6,1
0,5,0,1250,0,11,3
1,8,0,66524,0,24,11
1,7,0,270,0,7,11
0,7,0,978,0,6,2
0,13,0,4038,0,7,1
0,13,0,1238,0,6,1
1,4,0,170,0,6,7
0,13,0,68,0,7,6
1,25,0,45284,0,21,7
1,1,0,4500,0,16,1
0,7,0,19520,0,22,2
0,5,0,110,0,14,1
0,5,0,16400,0,18,2
0,11,0,566,0,6,1
1,3,0,40,0,5,3
0,13,0,2526,0,5,1
1,5,0,22,0,3,2
0,14,0,2097,0,1,1
1,9,0,322,0,3,11
0,5,0,170,0,7,1
0,13,0,976,0,6,1
0,6,0,880,0,4,1
1,7,0,247,0,6,4
0,60,0,27168,0,24,1
1,11,0,397,0,5,8
1,5,0,210,0,2,10
1,1,0,179,0,7,7
0,6,0,750,0,23,1
1,3,1,15240,6900,2,6
0,4,0,9340,0,3,3
1,5,0,1130,0,16,4
0,3,0,4560,0,27,6
0,25,0,6459,0,3,1
0,15,0,3797,0,10,2
1,5,0,13283,0,2,10
0,14,0,3214,0,5,1
0,10,0,693,0,6,1
0,26,0,2220,0,6,1
0,11,0,108,0,5,3
1,10,0,717,0,8,6
1,8,0,91760,0,3,6
1,6,0,320,0,12,4
1,0,1,0,3750,7,6
0,5,0,400,0,19,1
1,1,0,28,0,7,11
1,6,0,210,0,18,4
0,3,0,1500,0,9,3
1,7,0,10092,0,7,5
0,12,2,6000,51000,4,1
1,10,0,16,0,5,1
1,2,0,40,0,7,7
1,2,0,118,0,6,8
1,23,0,2714,0,4,1
1,13,0,8173,0,6,7
1,11,0,595,0,7,5
0,31,4,117142,64350,23,1
1,13,0,302,0,8,2
1,5,0,600,0,20,9
0,12,0,1476,0,6,1
1,9,0,649,0,6,8
0,25,0,3648,0,19,1
0,15,0,3501,0,2,1
1,0,1,0,21000,9,11
0,5,0,3960,0,8,3
1,4,0,49295,0,12,7
0,27,0,12366,0,2,1
1,4,0,14878,0,4,4
1,7,0,68,0,8,10
1,5,0,100,0,3,4
1,1,0,50,0,4,7
0,13,0,572,0,3,3
1,14,1,6550,10000,5,4
1,2,0,76,0,5,1
1,17,0,1541,0,7,4
0,7,0,473,0,7,8
1,6,0,1620,0,2,4
1,3,0,294,0,3,10
0,13,0,1113,0,6,1
1,11,0,391,0,6,2
0,26,0,12214,0,5,1
1,15,0,1492,0,2,9
0,5,0,543,0,5,1
0,14,0,743,0,7,1
0,27,0,9749,0,19,1
1,5,1,5000,4500,6,5
0,3,0,413,0,7,1
0,5,0,1250,0,6,3
0,13,1,3063,7000,3,1
1,7,2,62898,42450,11,8
1,4,0,8000,0,26,8
1,5,0,860,0,5,10
1,8,0,782,0,7,10
1,5,0,340,0,20,4
1,5,0,363,0,3,7
0,7,0,290,0,5,2
0,12,0,34621,0,22,2
0,8,0,412,0,2,1
1,18,0,2828,0,3,8
1,3,0,224,0,7,9
1,12,1,1900,19300,11,1
1,6,0,670,0,5,1
0,6,0,1120,0,3,1
0,6,0,2060,0,2,1
1,2,0,339,0,3,5
1,11,0,1865,0,2,1
1,13,0,1987,0,3,6
1,3,0,1030,0,18,4
0,13,0,12310,0,9,1
1,4,0,73,0,5,5
0,33,2,42098,13500,8,1
0,31,0,40658,0,19,1
0,13,0,1344,0,7,2
1,13,0,4422,0,4,5
0,30,0,2501,0,3,1
0,13,1,7729,7500,6,1
0,12,0,976,0,8,1
0,5,0,6720,0,26,3
1,7,0,3739,0,14,7
0,31,0,5494,0,17,1
0,13,0,1130,0,4,1
0,5,0,1714,0,6,1
0,9,0,856,0,5,1
0,13,0,1685,0,4,1
0,37,0,11905,0,10,1
0,15,0,3929,0,4,1
0,13,0,127,0,7,1
1,2,0,63,0,5,2
0,12,1,5055,22750,8,4
0,6,0,2740,0,5,1
1,2,0,840,0,11,11
0,26,0,7311,0,6,1
1,4,0,4440,0,19,3
0,13,0,2183,0,7,1
1,13,0,3563,0,7,7
0,5,1,3360,7500,17,6
0,10,0,89,0,7,1
0,16,0,466,0,7,1
1,8,0,356,0,7,11
0,3,0,1500,0,10,3
0,3,0,1500,0,6,6
1,10,0,1875,0,3,9
1,4,0,80,0,26,4
0,26,0,9918,0,7,1
0,25,0,14357,0,5,1
0,1,0,10,0,2,1
0,5,0,600,0,24,1
1,9,0,455,0,4,4
0,7,0,215,0,3,1
1,4,0,570,0,5,7
1,2,0,119,0,3,10
0,27,0,20303,0,16,1
0,14,0,899,0,11,3
1,4,0,610,0,15,9
0,4,0,2293,0,25,2
0,25,1,1971,4500,8,1
1,10,0,82,0,16,5
0,5,0,1250,0,7,3
1,5,0,240,0,4,1
0,37,0,7290,0,8,1
0,31,4,69816,26500,19,1
1,1,0,64,0,5,11
0,21,0,1186,0,4,2
0,13,0,4821,0,4,1
1,3,0,70,0,6,4
0,5,0,280,0,5,1
1,4,0,160,0,3,1
0,9,0,295,0,5,1
0,12,0,206,0,7,2
1,13,0,6500,0,6,5
1,3,0,50,0,3,1
1,2,0,6000,0,16,1
1,4,0,571,0,5,8
1,4,0,130,0,26,7
0,3,0,1500,0,8,6
1,8,0,672,0,7,3
1,7,0,3229,0,4,9
0,21,0,1766,0,2,1
1,6,0,1330,0,4,10
1,14,0,2371,0,5,9
1,6,0,2830,0,3,7
0,12,0,10468,0,2,3
1,13,0,6854,0,11,10
0,15,0,3480,0,7,1
0,6,0,217,0,6,1
0,42,2,8925,20900,7,4
1,3,0,40,0,6,1
0,27,0,3794,0,25,1
1,5,0,1290,0,3,4
1,5,0,10647,0,7,10
0,5,0,10880,0,7,3
0,13,0,91,0,6,1
0,13,0,313,0,7,1
0,10,0,12223,0,6,2
0,5,0,699,0,5,1
0,5,0,263,0,5,3
1,3,0,1372,0,2,1
0,11,0,206,0,6,2
0,3,0,1500,0,10,3
0,2,0,1102,0,5,1
1,6,0,2140,0,3,7
1,11,0,11422,0,4,9
0,13,0,2718,0,6,1
0,6,0,921,0,2,2
0,14,0,2898,0,6,1
0,26,0,1923,0,23,1
1,1,0,13,0,4,3
1,1,1,6,41050,10,5
1,2,0,90,0,5,10
0,10,0,1333,0,5,1
0,5,0,1200,0,4,1
0,4,0,900,0,2,1
1,3,0,150,0,27,7
1,11,0,2140,0,3,5
1,2,0,50,0,20,1
1,12,0,1203,0,7,4
1,5,0,9840,0,13,6
1,5,0,220,0,4,1
0,13,0,4875,0,5,1
1,6,0,790,0,9,7
0,5,0,280,0,25,1
1,4,0,170,0,4,4
1,2,0,79,0,6,11
0,13,0,2482,0,8,1
1,4,0,4,0,4,1
0,13,0,164,0,2,1
1,5,0,280,0,4,1
0,8,0,1203,0,5,2
0,7,0,2970,0,9,1
1,14,0,8014,0,6,7
1,11,0,559,0,6,11
1,6,0,1260,0,18,1
1,1,0,4500,0,5,4
0,14,0,660,0,5,1
0,26,0,3088,0,6,1
0,12,0,1073,0,6,1
0,12,0,763,0,8,2
1,4,0,180,0,20,10
1,8,0,313,0,5,6
0,10,0,117,0,7,1
0,3,0,1920,0,13,3
1,2,0,165,0,2,6
0,5,0,680,0,26,4
0,5,0,1250,0,8,3
1,5,0,230,0,7,3
1,6,0,1700,0,4,7
1,0,1,0,7350,10,11
0,4,0,9042,0,24,6
0,6,7,71480,94350,6,1
1,2,0,2340,0,6,10
1,8,0,7848,0,2,4
1,5,0,90,0,22,7
0,2,0,60,0,24,4
0,5,0,388,0,5,1
0,28,1,12279,4500,6,1
0,13,0,3453,0,16,1
0,11,0,7566,0,27,1
1,3,0,90,0,21,4
0,16,0,1263,0,14,1
1,8,0,1050,0,3,4
0,13,0,446,0,6,1
0,8,0,67,0,2,1
0,25,1,8662,4500,5,1
1,14,0,807,0,8,5
0,26,0,17533,0,11,1
1,7,0,10090,0,3,6
0,6,1,8480,37500,14,2
1,8,0,9704,0,6,8
1,3,0,40,0,14,1
0,5,0,16960,0,17,3
1,5,0,830,0,13,4
0,7,0,278,0,16,2
0,13,1,797,6800,11,1
0,26,0,7381,0,4,1
1,2,0,638,0,18,1
1,23,0,1333,0,5,7
0,8,0,11620,0,17,1
0,5,0,1030,0,22,1
0,24,0,4003,0,6,1
1,8,0,49983,0,11,6
0,12,0,3405,0,5,1
0,146,0,3387,0,2,1
1,4,0,120,0,24,4
0,23,0,29319,0,6,1
0,5,0,895,0,6,1
1,2,0,47508,0,17,5
0,6,0,1310,0,4,1
0,2,0,120,0,13,1
0,10,0,60,0,4,2
0,24,0,7838,0,7,1
0,5,0,3240,0,13,3
0,4,0,190,0,5,4
0,4,0,551,0,5,2
0,3,0,80,0,26,1
0,6,0,8161,0,6,8
1,13,0,1014,0,3,4
0,26,0,5970,0,7,1
0,5,0,555,0,8,1
0,26,0,5122,0,11,1
0,4,0,570,0,3,1
1,5,0,62,0,6,9
1,3,0,120,0,3,4
1,4,0,551,0,5,7
1,3,0,1384,0,6,11
0,5,0,1250,0,9,3
1,6,0,1190,0,15,10
0,10,0,2517,0,25,1
0,6,0,1380,0,14,1
0,12,0,1812,0,6,1
1,12,0,185,0,8,4
1,5,0,2483,0,5,10
0,6,0,630,0,6,1
0,5,0,18840,0,14,3
1,2,0,31,0,4,4
1,6,0,1570,0,16,8
1,5,0,510,0,4,1
1,13,0,803,0,6,10
1,11,0,172,0,3,3
0,6,0,1290,0,19,1
0,4,0,390,0,5,1
0,5,0,730,0,19,1
0,8,0,292,0,6,1
0,6,0,246,0,4,3
1,2,0,211,0,23,4
1,4,0,180,0,2,7
0,12,0,1169,0,5,1
1,10,0,2882,0,7,10
0,9,0,10670,0,1,1
0,10,1,4520,10000,3,1
1,4,0,1410,0,4,4
0,4,0,180,0,22,1
1,4,2,10400,35000,21,8
1,9,0,8539,0,4,6
0,11,2,7663,13500,21,1
0,7,0,123,0,5,1
0,7,0,693,0,5,4
0,3,0,1763,0,4,1
1,3,0,174,0,4,2
1,12,0,11942,0,5,5
0,15,0,2901,0,6,1
1,6,0,7992,0,2,1
1,14,0,3980,0,19,4
0,10,0,1153,0,5,1
1,5,0,390,0,4,1
1,26,0,6018,0,16,7
0,13,0,2087,0,6,1
0,21,0,2401,0,2,1
0,14,0,3289,0,6,1
1,4,2,17760,28000,14,5
0,5,0,380,0,5,1
1,2,0,33,0,8,5
0,11,0,615,0,3,1
0,30,0,2650,0,16,1
1,3,0,1250,0,21,9
1,17,0,220,0,2,4
1,3,0,51,0,4,2
1,3,0,442,0,8,7
1,3,0,1250,0,8,3
0,36,0,701,0,1,1
0,3,0,770,0,22,1
0,4,0,34,0,7,4
1,7,0,510,0,5,7
0,17,0,5273,0,6,1
0,3,0,19252,0,17,9
1,4,0,8225,0,8,6
0,6,0,1870,0,4,1
0,10,0,142,0,8,1
1,5,0,320,0,5,4
0,6,0,1140,0,20,1
1,6,0,297,0,3,7
0,6,0,1160,0,17,1
0,5,0,9480,0,13,3
1,5,0,1246,0,3,10
1,4,0,90,0,2,1
0,6,0,109,0,4,1
0,3,0,267,0,2,3
0,12,0,286,0,7,1
1,12,0,102,0,10,6
1,4,0,1208,0,5,1
1,4,0,85238,0,11,6
0,5,1,384,4000,12,1
1,5,0,1460,0,6,9
0,6,0,1620,0,25,1
1,4,0,218,0,2,7
0,13,0,2777,0,24,1
1,5,0,100,0,14,7
0,13,0,2204,0,6,1
1,0,10,0,128000,12,1
0,5,0,497,0,8,3
0,7,0,23380,0,25,2
0,1,0,50,0,2,1
1,7,0,3256,0,4,8
1,2,0,1020,0,8,6
1,5,0,32726,0,25,7
1,1,0,640,0,14,9
0,13,0,1349,0,8,3
1,5,0,17640,0,4,11
0,24,0,2200,0,5,1
0,5,1,32800,44800,27,3
1,3,0,130,0,19,9
0,13,0,2419,0,7,1
1,7,0,2625,0,16,6
0,4,0,27735,0,19,6
1,2,0,5,0,13,2
0,18,0,1984,0,16,1
1,1,0,271,0,5,4
0,5,0,2357,0,3,3
0,5,2,21840,36500,5,3
1,1,0,211,0,4,7
1,4,0,41337,0,11,8
0,15,0,493,0,2,1
1,13,0,1447,0,8,11
0,12,1,43838,41150,11,2
1,11,0,617,0,3,6
1,7,0,352,0,5,9
1,6,0,1970,0,5,7
0,7,0,4600,0,4,1
0,13,0,1674,0,6,2
0,3,0,140,0,27,4
1,6,0,224,0,6,3
0,10,0,1480,0,5,1
0,26,2,12244,22200,15,1
1,2,0,406,0,4,5
1,3,0,60,0,5,10
0,5,0,700,0,1,1
1,6,0,1900,0,6,11
1,10,0,328,0,4,6
1,3,0,60,0,16,1
0,12,0,110,0,7,1
0,9,0,1719,0,7,4
1,13,0,6500,0,6,6
0,25,0,3909,0,7,1
0,24,0,3807,0,6,1
0,7,0,251,0,5,2
0,13,0,3353,0,25,2
1,1,0,4,0,5,11
0,5,0,2220,0,19,3
1,5,0,620,0,17,1
0,8,0,220,0,4,3
0,5,0,1250,0,9,3
0,35,1,33284,4500,24,1
0,10,0,3489,0,5,1
1,4,0,1619,0,3,9
0,10,0,209,0,3,2
0,6,0,269,0,6,6
1,0,1,0,2500,2,1
1,23,2,6148,22700,14,9
0,28,2,39092,100850,24,2
0,8,0,1881,0,6,2
1,12,0,2726,0,8,3
1,1,0,15000,0,21,8
1,2,0,130,0,2,1
0,32,0,9641,0,14,1
1,2,0,60,0,5,4
1,4,0,150,0,22,4
0,36,0,4998,0,8,1
1,7,0,162,0,27,4
0,13,0,2458,0,5,1
1,6,0,4710,0,3,7
1,5,0,150,0,17,7
1,12,0,4816,0,17,4
1,25,5,36030,38900,6,7
1,7,0,530,0,9,1
1,9,0,13549,0,5,7
0,6,0,560,0,15,1
0,11,0,79,0,4,2
0,1,3,20,81600,5,1
1,5,0,5006,0,15,5
0,7,0,7840,0,22,2
1,4,1,17970,3750,2,7
1,20,1,5052,4000,3,4
0,14,0,2570,0,17,1
1,4,0,440,0,24,4
1,12,0,741,0,14,1
1,12,0,449,0,3,1
1,8,0,518,0,6,4
0,5,0,271,0,7,1
1,3,0,38,0,5,11
1,6,0,480,0,15,1
0,11,0,3103,0,7,1
0,3,0,54,0,7,4
0,1,0,20,0,18,1
0,19,0,11113,0,19,1
1,3,0,55973,0,22,10
1,12,1,66068,4500,15,9
0,12,0,1098,0,11,1
1,6,0,24639,0,15,6
1,4,0,110,0,4,4
1,4,0,280,0,2,1
0,13,0,4839,0,7,1
1,2,0,90,0,6,1
0,13,0,195,0,5,1
1,9,0,995,0,7,4
1,3,0,1312,0,5,5
1,4,1,420,46000,5,3
0,5,0,230,0,3,1
1,14,1,2321,15850,6,4
0,14,2,47364,94000,9,1
0,14,0,1192,0,5,1
1,25,2,6367,9500,6,11
1,10,0,444,0,5,8
1,4,0,18140,0,9,6
1,3,0,160,0,7,1
0,3,0,121152,0,19,6
1,8,0,326,0,3,2
1,2,0,277,0,4,11
0,1,0,2760,0,17,5
1,4,0,88,0,6,1
0,6,0,300,0,23,1
1,5,2,230,31200,20,10
1,16,2,3989,4950,3,4
1,4,0,23084,0,11,9
0,5,0,1040,0,9,1
0,30,0,12584,0,26,1
1,18,0,1910,0,4,7
1,20,0,2592,0,7,8
1,6,0,35303,0,23,10
0,8,0,269,0,7,4
0,8,0,155,0,4,1
0,4,0,1570,0,20,3
1,0,3,0,46000,12,6
1,11,0,824,0,10,3
0,5,0,1280,0,24,1
1,6,0,27215,0,14,9
0,5,0,1500,0,14,2
0,3,0,1500,0,11,3
1,5,0,975,0,5,5
0,26,0,22833,0,25,1
1,1,1,42,20000,5,4
0,28,0,24891,0,4,1
0,13,0,740,0,7,1
1,4,0,6120,0,8,8
0,6,0,1097,0,5,3
1,6,0,240,0,6,5
0,6,0,510,0,16,1
1,7,1,29896,55000,12,11
1,1,1,24300,4500,4,9
1,3,0,34,0,8,3
0,13,0,1698,0,5,1
1,10,0,502,0,5,3
0,8,0,1236,0,7,1
1,4,0,813,0,2,8
1,6,0,270,0,20,4
0,26,0,27076,0,6,1
1,4,0,1160,0,2,7
1,5,0,655,0,8,7
1,15,0,351,0,4,4
0,26,0,7787,0,5,1
0,6,1,123380,268550,19,3
1,2,0,125,0,6,11
1,3,0,3240,0,17,11
1,7,0,715,0,6,2
0,8,1,46130,39650,11,2
1,3,0,198,0,4,9
1,5,0,1078,0,26,8
0,12,0,2228,0,6,1
0,26,0,6417,0,6,1
1,1,0,700,0,7,5
0,10,0,169,0,7,1
0,27,0,17203,0,7,1
0,4,0,8280,0,4,1
0,17,0,2047,0,6,1
0,14,0,2051,0,4,1
0,14,0,20240,0,6,1
0,11,0,278,0,6,1
1,1,0,30,0,21,10
1,8,0,7725,0,8,1
0,16,0,590,0,5,1
0,7,0,1480,0,15,1
1,4,0,370,0,2,1
0,1,1,600,4500,27,1
1,11,0,634,0,3,7
0,12,1,1326,3300,3,1
1,7,0,301,0,6,2
0,7,0,21660,0,12,2
1,16,0,2487,0,4,5
1,8,0,555,0,2,3
0,5,0,20640,0,20,3
0,18,0,896,0,6,1
0,5,1,290,9000,15,1
1,9,1,12409,11500,6,7
1,3,0,1250,0,19,9
1,4,0,6650,0,25,9
1,4,0,40,0,18,4
0,19,0,1692,0,3,1
1,3,0,185,0,5,2
1,2,0,38289,0,19,7
0,22,1,3778,13500,4,1
0,3,0,69,0,7,6
0,15,0,2422,0,24,1
1,2,0,139,0,4,10
0,8,0,19611,0,7,3
1,5,0,12769,0,21,7
1,17,0,1521,0,6,10
1,5,0,27429,0,3,7
0,16,0,10770,0,5,2
1,2,0,30,0,18,4
0,4,0,110,0,5,1
1,6,0,828,0,2,6
1,13,0,1513,0,7,9
1,4,0,562,0,4,5
1,2,0,48,0,6,5
0,6,0,1510,0,12,4
0,13,0,1777,0,8,1
0,24,0,4851,0,23,1
1,4,0,260,0,5,4
0,10,0,3387,0,7,2
1,5,0,1250,0,10,9
0,41,0,13837,0,17,1
0,5,0,2100,0,6,1
1,2,0,5,0,18,8
1,3,0,56,0,6,3
1,1,0,63,0,5,5
1,4,0,100,0,2,10
1,11,0,257,0,4,5
1,0,2,0,55000,7,2
1,5,0,1276,0,4,1
0,12,0,615,0,4,1
0,21,0,3544,0,6,1
0,23,0,3856,0,22,1
1,5,0,1923,0,6,6
1,1,0,80,0,20,4
0,4,0,208,0,5,2
1,13,0,17681,0,5,5
0,11,0,587,0,6,1
1,29,0,10884,0,23,1
1,6,0,276,0,5,2
1,5,0,530,0,6,4
1,8,0,248,0,8,5
1,7,0,835,0,8,11
0,5,0,4050,0,3,1
0,13,0,5708,0,17,1
1,4,0,1130,0,19,7
1,11,1,5500,13800,6,4
1,1,0,250,0,4,3
1,10,0,2870,0,5,11
1,1,0,284,0,4,2
1,6,0,1386,0,5,5
1,6,0,42497,0,6,11
0,21,0,6073,0,14,1
0,12,0,788,0,9,3
0,8,0,4440,0,21,1
1,5,0,730,0,2,4
1,4,0,166,0,15,11
1,1,0,200,0,2,3
0,13,0,1344,0,7,1
0,6,0,390,0,19,1
0,6,0,266,0,7,3
1,0,2,0,18950,6,10
1,4,0,1360,0,2,4
1,3,0,832,0,3,11
0,5,0,32480,0,13,3
0,3,0,786,0,1,1
0,5,1,15344,14750,13,5
0,7,0,599,0,7,3
1,13,0,6500,0,6,4
1,8,0,70,0,15,1
0,13,0,1459,0,6,1
1,5,0,400,0,22,1
0,4,1,1746,2700,19,2
1,3,0,3863,0,7,1
1,7,0,1860,0,16,7
1,1,0,21600,0,5,2
1,1,0,36,0,3,4
0,3,0,6519,0,5,7
1,3,0,778,0,6,10
0,13,0,320,0,3,1
0,12,0,160,0,4,1
0,10,0,1276,0,6,1
0,13,0,696,0,6,1
0,24,0,9986,0,4,1
1,12,0,1411,0,8,11
0,10,0,839,0,8,2
0,6,0,1240,0,3,1
0,10,0,34500,0,12,2
0,7,0,7332,0,6,8
1,2,0,1119,0,6,11
1,2,0,299,0,6,10
1,5,0,1690,0,5,4
1,10,0,11746,0,6,11
0,9,0,942,0,8,1
1,4,1,67938,7500,3,10
1,4,0,4661,0,5,10
1,4,0,10300,0,10,6
1,17,0,4575,0,3,3
1,2,1,160,4500,25,2
1,4,0,200,0,15,1
1,1,3,250,47350,21,5
0,5,0,9070,0,5,2
1,17,0,5328,0,3,6
0,4,0,378,0,2,3
1,5,0,130,0,16,4
1,2,0,120,0,24,1
1,5,0,280,0,11,4
1,5,0,2952,0,9,10
0,7,2,31920,48400,16,2
0,8,0,1013,0,23,1
1,0,1,0,13550,7,1
0,30,0,18530,0,6,1
1,5,0,110,0,21,4
1,6,0,810,0,7,1
1,4,0,210,0,2,9
1,6,0,43,0,3,2
0,5,3,39840,9450,26,3
0,26,0,5559,0,15,1
0,5,0,1250,0,7,3
0,31,0,5814,0,25,1
1,4,0,44,0,6,7
0,13,0,985,0,7,1
0,1,0,720,0,19,6
0,14,0,1589,0,5,1
1,9,0,360,0,5,4
1,7,0,4140,0,9,7
1,5,0,883,0,14,10
0,9,0,171,0,27,3
0,5,0,1540,0,23,1
1,13,0,650,0,5,3
1,25,2,9416,20000,6,4
1,2,0,12120,0,6,2
1,3,0,85502,0,25,10
0,6,1,1020,2250,15,1
1,1,0,1120,0,23,6
0,13,0,1444,0,5,1
0,23,0,4658,0,8,1
0,31,1,43805,96150,25,1
1,2,0,199,0,5,10
0,23,0,12563,0,7,1
1,14,0,35050,0,6,9
0,10,0,433,0,24,1
1,5,0,260,0,2,10
1,6,0,160,0,4,7
0,13,0,4454,0,8,1
0,14,0,1891,0,4,1
1,2,0,38,0,6,4
0,22,0,2352,0,5,1
1,13,2,1894,8650,8,5
0,21,0,607,0,5,1
1,3,0,1750,0,18,9
0,3,0,3200,0,16,2
1,11,0,581,0,3,7
1,12,0,6000,0,6,7
0,9,0,455,0,2,6
0,33,0,19011,0,16,1
1,2,0,20154,0,8,10
0,11,0,1986,0,6,1
0,5,3,21000,39150,21,2
0,17,0,30221,0,14,1
1,42,0,59668,0,17,1
1,5,0,11600,0,2,7
1,5,0,1150,0,3,4
1,4,0,170,0,5,4
0,26,0,40801,0,25,1
0,12,0,896,0,3,1
0,5,0,320,0,21,1
0,25,0,4783,0,8,1
0,4,0,136,0,6,3
0,5,0,870,0,6,1
0,7,0,203,0,6,1
1,2,0,70,0,25,1
1,6,0,8934,0,15,3
0,4,0,100,0,17,1
0,13,0,983,0,7,1
1,1,0,3000,0,5,11
0,25,4,8916,50100,8,4
0,11,0,297,0,7,3
1,65,0,44676,0,26,6
0,16,0,26043,0,16,1
1,5,0,511,0,2,10
0,5,0,341,0,6,1
0,12,0,858,0,5,1
0,15,0,1037,0,5,2
1,4,0,150,0,2,4
0,14,0,2489,0,7,1
1,4,0,13166,0,20,9
0,7,0,3520,0,5,1
0,9,0,527,0,11,1
1,6,0,1334,0,4,10
0,11,0,16010,0,23,1
0,15,0,2966,0,24,1
0,6,0,350,0,5,1
1,2,0,86,0,3,2
1,11,0,404,0,2,1
1,4,0,280,0,4,1
1,4,0,1705,0,21,7
0,13,0,336,0,6,1
1,4,0,200,0,2,4
0,4,0,137,0,7,1
1,2,0,80,0,3,4
0,5,0,11264,0,8,6
1,110,0,3367,0,2,3
0,24,0,4910,0,5,1
0,8,0,429,0,7,2
1,2,0,50,0,5,4
1,4,0,1130,0,25,7
1,10,0,1577,0,15,7
0,6,0,561,0,4,2
1,11,0,501,0,7,4
0,13,0,1489,0,6,1
0,5,0,1200,0,20,1
1,2,0,10064,0,11,7
0,26,3,21073,26000,2,1
0,10,0,1448,0,5,1
0,1,0,30,0,16,1
1,3,0,270,0,25,1
0,13,0,1398,0,9,1
1,2,0,197,0,2,5
0,38,1,261036,8000,3,1
0,4,0,294,0,8,2
0,10,0,127,0,6,1
0,5,0,950,0,19,1
1,1,0,124,0,7,2
0,6,0,432,0,3,1
1,5,0,270,0,17,4
0,18,0,3138,0,7,1
0,5,0,4810,0,5,4
1,4,0,90123,0,25,10
0,13,0,1682,0,2,1
0,30,4,44036,73600,23,1
0,25,0,6688,0,25,1
1,4,0,1840,0,2,10
1,11,0,381,0,2,6
1,2,0,417,0,5,10
1,4,0,2089,0,5,6
1,5,0,270,0,24,9
1,14,0,2530,0,6,7
0,9,0,230,0,6,2
0,9,0,2210,0,17,1
1,9,0,6169,0,6,7
1,8,0,5950,0,1,2
0,26,0,4511,0,19,1
0,15,0,2079,0,8,1
0,26,1,16663,4500,12,1
0,11,0,1297,0,6,2
0,13,0,2204,0,8,1
1,1,1,14004,14000,15,10
0,6,0,1720,0,16,1
1,4,0,1131,0,5,7
1,4,0,490,0,5,10
1,16,0,825,0,6,9
0,6,2,16320,17950,14,3
0,6,0,43,0,3,2
1,2,0,15028,0,7,5
1,1,1,12960,4500,19,3
1,5,0,3377,0,2,10
1,3,0,540,0,22,1
1,2,0,50,0,4,4
1,1,0,30,0,16,10
1,5,0,283,0,5,9
1,1,0,480,0,10,8
0,13,0,6203,0,17,1
1,2,0,1853,0,8,1
0,4,0,64,0,5,10
1,4,0,80,0,26,4
1,1,1,11241,10050,4,10
1,2,0,320,0,15,10
1,2,0,10271,0,9,7
0,25,0,14366,0,6,1
0,18,0,1208,0,3,1
0,6,0,859,0,21,1
1,4,0,1620,0,19,2
1,0,2,0,40800,18,1
0,21,0,3843,0,4,1
1,24,0,6980,0,4,3
1,9,0,2802,0,12,3
1,5,0,410,0,22,7
1,2,0,13800,0,4,10
1,4,0,380,0,17,7
1,14,0,95,0,13,3
1,2,0,422,0,4,1
0,5,0,259,0,5,3
0,6,1,2130,4500,9,1
0,18,0,1090,0,5,1
1,9,0,543,0,4,11
1,7,0,480,0,2,1
0,24,0,9893,0,6,1
0,1,0,720,0,5,1
1,2,0,318,0,3,9
0,2,0,277,0,8,3
1,13,0,40,0,4,3
0,13,0,449,0,7,1
1,6,0,141,0,3,1
0,12,0,712,0,8,1
1,3,0,91,0,8,3
0,26,0,2311,0,6,1
0,2,0,16960,0,11,3
1,33,0,50340,0,2,5
0,3,0,350,0,5,1
1,3,0,3600,0,2,2
0,5,0,1250,0,5,3
0,7,0,3234,0,2,1
0,17,0,147611,0,11,1
1,16,3,13450,18000,10,1
1,4,0,275,0,6,7
0,13,0,1697,0,6,1
0,13,0,280,0,6,1
0,5,0,1530,0,15,1
0,11,0,405,0,4,1
0,5,2,12960,8400,21,3
0,13,0,1648,0,6,1
0,8,0,543,0,10,3
0,13,0,1420,0,6,1
1,13,0,1229,0,5,10
1,2,0,1206,0,3,8
0,5,0,120,0,14,1
1,4,0,3205,0,5,9
1,1,0,360,0,12,8
0,4,0,244,0,15,4
1,5,0,617,0,2,7
0,6,0,690,0,5,1
0,5,0,24000,0,11,3
1,5,0,186,0,2,2
1,4,0,941,0,3,6
0,6,0,13120,0,20,1
0,6,0,3950,0,1,1
1,4,0,390,0,2,7
0,2,0,30,0,3,1
0,9,0,507,0,6,3
0,6,0,11320,0,17,3
1,2,0,2454,0,6,5
1,8,0,292,0,6,8
0,26,0,15801,0,4,1
1,4,0,230,0,4,4
1,1,0,20,0,16,4
1,13,0,1742,0,5,1
1,1,1,47160,48500,3,8
1,3,0,108,0,6,6
0,5,0,474,0,4,1
1,3,0,440,0,2,9
0,20,0,1878,0,5,1
1,0,1,0,88280,20,1
1,8,0,432,0,5,4
1,1,0,40,0,3,1
0,3,2,41880,58650,5,2
1,8,0,31926,0,3,2
1,14,0,487,0,7,1
0,5,0,288,0,4,2
0,14,0,312,0,14,1
0,26,0,5730,0,8,1
1,3,0,1560,0,4,1
1,9,0,492,0,6,9
1,5,0,116,0,6,6
0,16,0,2344,0,7,1
0,13,0,2360,0,22,1
1,1,0,1500,0,7,6
0,6,0,531,0,5,2
0,22,0,23468,0,3,1
1,5,0,2530,0,11,1
0,25,0,1715,0,5,1
1,3,0,160,0,2,10
0,11,0,5125,0,8,1
1,2,0,180,0,15,1
0,14,0,6428,0,5,1
0,14,0,846,0,16,1
0,5,0,470,0,19,1
0,5,0,333,0,7,7
1,12,0,1462,0,5,8
1,13,0,2880,0,5,10
1,2,0,40,0,5,1
0,13,0,1126,0,6,1
1,18,0,32692,0,3,3
0,12,0,1304,0,7,2
1,9,0,189,0,4,8
0,25,0,9063,0,5,1
1,4,0,4683,0,3,11
0,8,0,340,0,3,1
1,2,0,14,0,16,3
1,10,0,6669,0,7,3
0,13,0,600,0,5,1
0,12,0,1230,0,12,1
0,11,0,2110,0,5,2
0,7,0,389,0,7,2
0,8,0,145,0,3,2
0,4,0,258,0,5,3
0,8,0,19923,0,22,4
1,5,0,100,0,20,1
1,4,0,330,0,3,10
0,6,0,2460,0,4,1
1,12,0,2482,0,7,9
1,5,3,919,47500,17,10
0,6,0,1280,0,18,1
1,5,0,28722,0,16,7
0,13,0,577,0,7,1
0,6,0,800,0,26,1
1,3,0,110,0,5,7
0,5,0,1250,0,25,3
1,4,0,23336,0,11,9
1,3,0,166,0,7,7
0,5,0,500,0,13,1
0,7,0,282,0,5,2
1,4,1,8167,5300,2,4
0,5,0,1510,0,3,1
1,20,0,1317,0,3,3
1,2,0,616,0,15,1
1,30,2,19287,15250,19,8
1,13,0,6500,0,9,2
1,8,0,14734,0,1,1
0,10,0,1595,0,6,1
1,12,0,2838,0,5,5
1,4,0,584,0,18,7
0,7,0,239,0,7,2
0,10,0,413,0,7,2
1,6,0,14586,0,9,9
0,13,0,5279,0,2,1
0,13,0,295,0,5,1
0,5,0,550,0,21,1
1,9,0,2945,0,3,5
1,9,0,363,0,7,7
1,1,0,1920,0,20,6
0,12,0,1862,0,6,1
1,2,0,69996,0,22,5
1,4,0,200,0,14,1
1,5,0,1961,0,4,10
1,1,0,40,0,19,4
1,3,0,273,0,2,10
1,2,0,40,0,26,10
0,5,0,1250,0,19,3
1,17,0,10278,0,5,8
1,13,1,5260,6000,13,7
0,9,0,313,0,6,1
0,6,0,1040,0,2,1
1,4,1,110,20500,17,10
0,1,0,3,0,4,2
0,6,0,3180,0,18,2
1,4,0,9543,0,11,7
0,13,0,462,0,4,2
1,9,0,317,0,7,8
0,19,0,1268,0,4,1
0,25,2,17184,14500,17,1
1,14,0,3728,0,2,4
0,10,0,288,0,6,1
0,23,0,4593,0,4,1
1,13,0,291,0,4,11
0,13,0,6513,0,19,1
0,1,0,20,0,3,1
0,6,0,490,0,20,1
1,1,2,9810,10900,15,10
0,6,0,96,0,3,1
0,2,0,28,0,7,2
1,3,0,186,0,4,9
0,9,0,123,0,6,1
1,3,0,12926,0,6,7
0,17,3,5144,88850,8,1
0,4,0,2160,0,4,6
0,13,0,1593,0,4,1
1,5,0,1055,0,6,4
1,6,0,15866,0,5,6
1,9,0,7860,0,2,8
0,4,0,330,0,3,1
1,7,0,254,0,18,7
0,5,4,30560,39650,11,3
0,12,0,366,0,7,1
1,7,0,8015,0,2,1
1,3,2,680,40000,8,4
1,7,0,91,0,5,1
1,6,0,1460,0,3,10
1,4,0,770,0,3,4
0,36,0,14388,0,14,1
0,3,0,1500,0,20,3
1,1,0,1560,0,19,2
1,6,1,2000,4500,24,3
0,26,0,5056,0,5,1
1,6,0,377,0,6,10
1,5,0,207,0,6,8
1,12,0,1902,0,3,6
1,6,1,74440,168000,11,9
1,5,0,360,0,4,9
1,5,0,7720,0,3,2
0,13,0,1764,0,6,1
1,6,0,740,0,6,4
1,14,0,7394,0,5,11
1,4,0,42510,0,10,11
0,14,0,250,0,5,1
0,13,0,4639,0,5,1
0,12,0,262,0,5,1
0,13,0,1158,0,5,1
1,2,0,693,0,4,5
0,6,0,3090,0,16,1
1,0,3,0,50600,6,1
1,5,0,15240,0,2,6
0,7,0,86,0,3,1
0,4,0,234,0,6,2
0,26,0,7250,0,7,1
1,11,0,449,0,3,10
1,11,0,7790,0,4,9
0,7,1,8640,29800,15,2
0,3,1,1220,4500,7,3
1,13,0,707,0,7,3
0,29,0,57757,0,2,1
1,3,1,3563,6100,3,10
1,5,0,1644,0,7,10
1,2,0,160,0,2,4
1,5,0,1250,0,7,9
1,1,0,254,0,6,11
0,13,0,3692,0,8,1
0,13,0,15162,0,7,1
1,3,0,1250,0,12,6
0,10,0,30,0,5,2
1,3,0,41,0,1,1
0,1,0,155,0,7,3
0,11,1,3520,3750,25,1
0,30,0,10156,0,8,1
0,18,0,12738,0,13,1
1,1,0,446,0,24,1
1,11,0,3471,0,3,2
1,1,0,4080,0,24,1
1,2,0,320,0,6,6
0,18,0,4422,0,18,1
0,13,0,3150,0,22,1
0,5,0,20160,0,12,3
0,6,0,1770,0,4,4
1,4,0,10975,0,10,9
1,1,0,36,0,10,7
0,7,0,1542,0,14,3
0,5,0,350,0,1,1
1,14,0,7850,0,6,7
0,21,0,8607,0,10,1
0,13,0,4083,0,6,1
1,1,0,13320,0,7,1
0,10,0,684,0,7,1
0,8,0,353,0,6,1
0,5,1,51360,124800,24,3
1,0,3,0,33800,10,2
0,9,0,418,0,6,1
0,6,0,707,0,3,4
0,16,0,1716,0,4,1
1,5,0,170,0,3,1
1,4,0,160,0,24,1
1,1,0,69,0,7,3
0,5,0,210,0,2,1
0,10,0,716,0,5,2
1,1,0,130,0,3,1
1,3,0,302,0,2,7
1,6,0,1480,0,24,1
0,6,0,326,0,7,7
0,20,1,1541,3750,8,1
1,18,0,3280,0,25,10
1,19,0,7036,0,3,6
0,3,0,230,0,24,7
0,5,0,129,0,2,1
1,2,0,50,0,5,4
0,2,0,7500,0,4,1
1,8,0,15691,0,24,7
0,7,2,1440,9000,22,1
0,5,0,89,0,8,4
1,4,0,9781,0,6,8
1,3,0,1080,0,3,6
0,25,0,13200,0,3,1
1,27,0,18975,0,6,3
0,5,0,4291,0,12,6
1,10,0,26001,0,6,10
1,11,0,340,0,8,10
1,11,0,189,0,6,8
0,8,0,3692,0,8,1
0,13,0,4378,0,7,1
1,0,3,0,13500,25,2
0,9,0,1303,0,4,1
1,2,0,18360,0,11,7
1,4,0,1470,0,13,10
1,6,0,64,0,5,6
1,9,0,1171,0,6,4
1,0,4,0,68200,17,9
0,5,1,16480,35550,17,3
1,4,0,14640,0,2,2
0,11,0,13498,0,6,2
1,2,0,347,0,5,6
0,8,0,396,0,6,2
1,3,0,70,0,5,10
0,13,0,788,0,7,1
0,13,0,2072,0,8,1
0,13,0,6119,0,6,1
1,5,0,5384,0,19,3
1,8,0,1078,0,3,6
1,3,0,210,0,22,4
0,17,0,1225,0,6,1
0,19,0,1096,0,6,1
1,3,0,70,0,20,7
1,1,0,181,0,7,11
1,20,0,8794,0,7,7
1,0,1,0,4500,17,7
1,9,0,378,0,8,8
0,13,0,33521,0,18,1
1,5,1,62118,29100,3,7
0,10,0,834,0,6,2
0,4,0,54,0,3,3
0,10,0,364,0,4,1
1,8,1,1671,2500,13,3
0,3,0,430,0,4,3
0,3,0,210,0,14,1
1,7,0,25557,0,4,9
1,1,0,10680,0,4,8
1,1,0,63,0,5,6
0,14,0,4435,0,5,4
0,3,0,2176,0,6,1
1,2,0,9980,0,21,1
1,6,0,415,0,7,10
0,13,0,1255,0,6,1
0,2,0,20,0,6,2
1,24,0,11223,0,2,2
1,1,0,3000,0,9,8
0,15,0,971,0,6,1
1,0,1,0,15500,20,4
0,8,1,4140,4500,18,1
0,3,0,479,0,5,10
1,0,3,0,238950,20,10
0,4,0,5280,0,24,3
1,5,0,110,0,3,4
1,5,0,1180,0,2,6
0,5,0,300,0,2,1
1,13,0,744,0,6,6
0,26,0,7443,0,1,1
1,7,0,61769,0,15,10
0,13,0,995,0,7,1
1,5,0,12520,0,6,5
1,1,0,63,0,3,1
0,5,0,11160,0,20,3
1,2,0,70,0,14,1
1,1,0,10,0,19,1
0,7,0,2152,0,3,1
1,5,1,22080,3300,24,3
1,2,0,60,0,2,7
1,22,0,401,0,7,1
1,2,1,3600,15000,26,10
1,5,0,1250,0,14,3
0,8,0,4410,0,3,1
0,17,0,1374,0,4,1
0,5,0,210,0,3,3
1,8,0,734,0,6,7
0,5,0,1120,0,24,4
0,26,0,10420,0,8,1
0,11,0,619,0,5,1
0,5,0,400,0,3,1
0,15,2,72939,15000,19,2
1,5,0,31025,0,21,7
1,5,0,20640,0,21,9
1,22,1,3697,24200,18,2
0,14,0,3942,0,6,2
0,27,3,13537,13000,4,1
0,5,0,5280,0,18,3
0,10,0,1802,0,21,4
0,8,0,445,0,3,1
1,3,1,2880,61750,17,7
1,13,0,1836,0,7,10
1,5,0,200,0,2,7
0,3,0,5760,0,17,2
0,5,2,41960,15000,8,1
1,14,0,1801,0,3,8
1,3,0,90,0,7,4
1,6,0,1460,0,22,10
0,1,0,10560,0,5,2
0,26,0,23068,0,7,1
1,12,0,4318,0,8,5
0,13,0,228,0,5,1
1,5,0,3278,0,5,9
0,5,0,1250,0,9,3
0,9,0,256,0,8,1
1,2,0,3,0,6,4
1,9,0,201,0,8,11
0,31,3,30169,19000,12,1
1,3,0,1500,0,12,3
1,5,0,1684,0,7,3
0,26,0,1998,0,6,1
0,11,0,190,0,6,1
0,11,0,10660,0,8,2
0,16,0,5222,0,14,2
1,5,0,2439,0,2,7
0,6,0,4980,0,2,1
1,5,0,2293,0,11,9
0,62,0,1376,0,2,1
0,26,0,25705,0,8,1
0,22,0,8838,0,4,1
1,8,3,12300,24500,7,11
1,1,0,1,0,5,5
0,10,0,212,0,6,1
1,10,0,3403,0,5,7
1,4,0,333,0,3,10
0,13,0,1610,0,5,1
1,24,2,18355,62500,19,6
0,5,0,160,0,26,1
1,5,0,76,0,5,11
0,9,0,19160,0,17,1
1,5,0,2615,0,2,10
1,1,0,1500,0,8,5
0,11,0,1212,0,5,1
0,6,0,395,0,6,1
0,26,0,7154,0,3,1
0,13,0,2046,0,8,1
0,3,0,1500,0,13,3
0,4,0,1090,0,21,4
0,11,0,1552,0,7,1
0,4,0,1423,0,5,3
0,0,1,0,12500,6,1
0,4,0,300,0,6,1
1,4,0,220,0,2,1
0,2,0,14280,0,6,5
1,1,1,9152,8550,2,1
1,4,0,1240,0,3,10
0,24,0,5086,0,7,1
1,4,0,115,0,4,5
1,8,0,213,0,3,1
0,20,0,5365,0,8,1
0,4,0,320,0,4,1
0,13,0,78,0,5,1
1,5,0,4920,0,21,11
0,11,0,223,0,14,1
0,12,0,4599,0,6,1
1,7,0,2120,0,18,4
0,11,0,9373,0,5,6
0,21,0,4176,0,7,1
0,6,0,1630,0,17,1
0,21,1,3286,4500,6,1
0,8,0,423,0,3,1
1,3,0,4360,0,19,1
0,26,2,34274,160200,6,1
0,12,0,762,0,5,1
0,12,0,283,0,5,1
1,2,0,262,0,6,2
0,1,0,20,0,6,1
0,9,0,161,0,7,1
0,13,0,1709,0,8,1
1,1,0,367,0,5,10
1,14,0,3179,0,5,7
0,6,3,38840,28600,17,1
0,5,0,256,0,7,1
1,14,0,5973,0,4,8
0,3,0,1050,0,18,1
1,2,0,70,0,4,1
0,4,0,371,0,3,1
0,13,0,1324,0,5,1
1,4,0,6475,0,6,6
1,1,2,7200,22500,10,10
0,28,1,11269,17050,8,1
1,5,0,1420,0,8,4
0,13,0,737,0,6,2
0,30,1,19643,4500,26,1
0,4,5,25560,36300,24,3
0,25,0,15423,0,7,1
1,3,0,8366,0,14,10
0,9,0,999,0,5,2
0,15,0,4761,0,16,1
0,27,0,20952,0,4,1
1,4,0,1160,0,10,10
1,18,0,11971,0,11,10
0,19,0,1745,0,6,1
1,1,0,4560,0,20,2
0,13,0,1314,0,7,1
0,5,0,130,0,26,1
0,7,0,1903,0,5,5
1,1,0,721,0,6,1
0,7,0,11860,0,16,2
1,22,2,11317,35950,14,8
0,16,0,16813,0,11,1
0,12,0,258,0,4,1
1,9,0,395,0,6,4
1,17,0,36406,0,6,11
1,8,0,148,0,2,4
1,5,0,13611,0,15,9
1,6,0,232691,0,2,5
1,6,1,11750,6600,11,9
0,27,0,13980,0,6,1
0,4,0,13360,0,8,2
1,6,0,16368,0,11,6
1,5,0,320,0,7,9
1,10,0,3005,0,5,4
0,5,0,7574,0,6,3
0,6,0,15835,0,3,3
1,13,0,6500,0,7,2
1,2,0,50,0,5,7
0,18,0,1762,0,5,1
0,5,0,1250,0,10,3
1,12,0,198,0,4,6
1,23,0,2183,0,6,2
0,27,0,8364,0,4,1
1,4,0,120,0,22,1
0,6,0,170,0,5,3
1,2,0,286,0,6,10
1,3,0,415,0,7,6
0,12,0,1678,0,7,1
0,7,0,3760,0,11,1
0,29,0,11213,0,8,1
0,8,0,1614,0,6,4
0,1,0,20,0,12,4
0,20,0,1733,0,7,1
1,8,0,218,0,7,6
1,5,0,192,0,2,7
1,11,0,353,0,7,3
1,9,0,6026,0,6,11
1,11,0,712,0,7,6
1,2,0,5402,0,5,11
0,14,0,1007,0,7,4
0,21,0,5780,0,2,1
1,9,0,2490,0,4,8
0,4,0,1000,0,12,3
1,6,0,1250,0,18,7
0,5,0,311,0,13,10
0,26,0,5530,0,6,1
1,1,0,180,0,22,7
0,13,0,3639,0,6,1
0,7,0,133,0,7,1
0,2,0,85,0,6,1
1,8,0,61,0,3,1
0,2,0,250,0,25,1
0,5,1,9600,16900,23,3
1,6,0,1170,0,9,1
0,11,0,4366,0,8,1
0,2,0,1000,0,22,3
1,4,0,690,0,3,6
1,5,0,198,0,2,8
1,5,0,1640,0,5,10
0,11,0,837,0,4,1
0,21,0,2233,0,7,1
0,3,0,1500,0,25,3
0,13,0,2078,0,6,1
1,7,0,537,0,7,5
0,26,0,11403,0,7,1
0,12,0,162,0,7,1
1,8,0,5560,0,2,6
1,2,0,70,0,10,1
0,5,0,1160,0,25,1
0,24,0,17357,0,3,1
0,13,0,1220,0,6,5
0,8,0,15130,0,3,2
0,26,1,20537,7500,23,1
0,3,0,15982,0,16,7
1,5,0,343,0,5,9
0,8,0,45023,0,20,6
0,5,1,3480,10000,23,3
1,11,0,2488,0,8,10
0,5,0,12480,0,22,6
1,5,0,340,0,4,9
0,5,0,1250,0,10,3
0,8,0,537,0,7,1
0,22,2,33553,13500,5,1
1,23,0,6199,0,7,2
1,2,0,5400,0,5,2
0,7,0,6400,0,19,2
1,13,0,976,0,15,3
0,18,0,4276,0,7,1
0,8,0,175,0,6,1
0,20,0,3650,0,3,1
1,1,2,14,20035,19,5
1,1,1,15240,21350,2,1
0,8,0,323,0,3,1
0,9,0,518,0,8,1
0,6,0,1400,0,23,7
0,16,0,15067,0,12,1
1,6,0,1550,0,15,4
0,4,0,60,0,2,1
0,3,0,110,0,25,1
1,3,0,100,0,24,4
1,5,0,1250,0,8,9
1,4,0,280,0,3,5
0,3,0,1500,0,12,3
1,10,0,522,0,7,7
1,10,0,533,0,7,11
0,5,0,1250,0,11,3
0,6,0,1760,0,7,1
1,5,0,23680,0,13,6
1,14,0,4233,0,18,9
1,3,0,12892,0,23,1
0,13,0,8213,0,3,5
0,25,0,2577,0,11,1
0,24,1,16271,7500,4,1
0,13,0,3293,0,5,1
0,12,0,30631,0,3,1
1,12,0,275,0,3,4
0,3,0,1500,0,9,3
0,9,0,914,0,2,1
0,9,0,7090,0,23,1
1,15,0,801,0,6,8
0,13,0,624,0,2,1
0,7,0,31280,0,19,2
1,1,0,1500,0,23,9
0,2,0,470,0,22,1
1,3,4,34308,46200,3,8
1,5,0,160,0,19,7
1,1,0,30,0,3,7
0,9,0,317,0,5,1
0,22,0,7663,0,22,1
0,8,0,552,0,3,2
1,12,0,832,0,7,11
0,7,0,44,0,8,5
0,7,0,46880,0,11,2
1,3,0,170,0,6,7
0,5,0,1450,0,5,1
1,27,0,6372,0,6,4
1,3,3,68373,68000,9,5
0,30,0,5433,0,5,1
1,3,0,140,0,16,4
1,3,0,200,0,7,9
0,5,2,43360,45000,19,3
0,2,0,193,0,3,2
1,10,0,345,0,7,7
1,1,0,27,0,17,8
1,14,0,1216,0,3,7
1,1,0,3480,0,7,5
1,6,0,1214,0,7,11
1,5,0,1250,0,11,6
0,26,0,10829,0,16,1
1,5,0,1470,0,7,10
1,7,0,546,0,3,1
0,6,0,510,0,23,1
1,3,0,90,0,15,4
0,12,0,1449,0,2,1
1,5,0,248,0,3,1
1,5,0,1240,0,2,4
1,5,0,11520,0,13,1
1,9,0,75,0,14,2
0,3,0,40,0,6,4
1,3,0,850,0,11,1
1,13,0,5512,0,6,11
0,13,0,719,0,7,1
1,6,0,123,0,13,9
1,2,0,104,0,6,2
0,5,0,26040,0,6,3
1,1,2,250,26400,11,3
1,3,0,57285,0,4,6
0,4,0,6675,0,6,6
0,5,0,1830,0,26,1
0,33,2,19994,8250,5,1
1,2,0,108,0,6,5
1,7,0,406,0,20,10
1,7,0,38385,0,22,8
0,12,0,1543,0,4,1
0,3,0,1500,0,8,6
0,3,0,3013,0,4,7
1,5,0,505,0,3,3
0,4,0,64,0,17,1
1,5,0,63,0,2,4
0,7,0,207,0,9,4
0,7,0,400,0,5,2
0,5,0,202,0,6,1
1,31,1,304174,4500,2,11
0,10,0,1427,0,3,2
0,14,0,405,0,4,1
0,5,0,201,0,6,2
1,4,0,1096,0,10,3
0,12,0,245,0,4,1
1,5,2,125068,62100,15,11
0,14,0,794,0,7,1
1,3,0,1346,0,4,9
0,13,0,863,0,6,1
1,4,0,1500,0,8,9
0,2,0,168,0,7,6
0,4,0,126,0,4,3
0,29,0,16037,0,2,1
0,10,0,263,0,8,1
0,3,0,1500,0,12,6
1,4,0,60,0,6,7
1,12,0,6605,0,19,2
1,10,0,698,0,6,3
1,5,0,5580,0,15,10
0,9,1,8210,40900,17,1
1,6,0,20286,0,1,2
0,13,0,1555,0,5,1
0,7,0,486,0,6,1
1,11,0,1292,0,6,7
0,9,0,4140,0,13,2
1,2,0,30,0,2,7
0,11,0,10340,0,16,1
1,9,0,3134,0,5,3
1,5,0,14760,0,13,3
1,11,2,24828,27000,3,9
0,25,0,2933,0,6,1
0,5,0,400,0,6,1
1,22,0,8708,0,7,8
0,10,0,6178,0,6,2
1,5,0,620,0,19,4
1,2,0,234,0,6,8
0,9,4,22693,25500,19,1
1,5,0,730,0,2,4
0,5,0,12480,0,2,6
0,5,0,140,0,7,1
0,14,0,279,0,8,1
0,5,0,310,0,5,1
0,5,0,4200,0,2,3
1,0,2,0,9000,8,4
1,6,0,28,0,7,2
0,12,0,342,0,8,1
1,5,0,1250,0,16,9
1,2,0,128,0,4,7
0,6,0,6363,0,17,1
0,2,0,88,0,6,1
0,8,0,464,0,5,1
0,5,0,1510,0,21,1
0,8,0,115,0,2,1
0,11,0,1434,0,5,1
1,3,0,88,0,4,6
1,1,0,30,0,4,1
0,5,0,556,0,5,4
1,5,0,1230,0,2,6
1,9,0,1741,0,6,2
1,5,0,60726,0,16,9
0,6,0,230,0,6,1
1,4,0,1090,0,19,1
0,31,1,22605,4500,1,1
0,12,0,1479,0,2,1
1,17,0,103853,0,18,9
1,3,0,401,0,8,6
0,23,0,3004,0,5,1
0,26,0,12685,0,19,1
0,8,0,1063,0,27,3
1,4,0,307,0,6,4
0,4,0,120,0,8,1
0,24,0,3175,0,5,1
1,3,0,130,0,6,9
0,21,0,5200,0,5,2
0,13,0,362,0,6,3
0,7,2,22080,56250,9,2
1,13,2,61796,13500,4,8
1,2,0,40,0,3,4
1,1,0,2280,0,20,5
0,19,6,28352,401800,13,1
0,3,0,150,0,6,1
0,6,0,421,0,5,1
0,21,0,3300,0,19,1
1,9,0,3837,0,5,7
0,4,0,530,0,26,1
0,2,0,128,0,26,1
0,5,1,8640,30000,5,2
0,5,0,3380,0,8,6
0,9,0,5558,0,2,3
0,13,0,5006,0,24,1
1,3,0,922,0,7,1
1,6,0,2220,0,26,1
0,12,0,399,0,17,4
1,2,0,1110,0,6,6
1,1,0,799,0,3,1
1,0,5,0,47500,12,2
1,1,0,27,0,8,3
1,7,0,1068,0,7,6
0,8,0,9960,0,24,2
1,7,0,24150,0,19,10
0,10,0,219,0,2,2
1,2,0,3860,0,19,2
1,1,0,750,0,13,2
1,7,0,870,0,2,1
1,1,0,1800,0,21,8
1,4,0,468,0,7,4
1,13,0,18707,0,5,10
1,4,1,4230,4500,4,9
1,24,0,11877,0,21,4
1,4,0,250,0,3,4
0,6,0,2220,0,24,1
0,6,0,66,0,5,3
0,12,0,1419,0,6,1
1,5,0,340,0,18,1
1,2,0,60,0,2,9
0,7,2,10560,25350,9,2
1,20,2,12391,11100,4,8
1,6,0,8600,0,5,9
0,28,2,8029,34000,7,1
1,2,0,19270,0,18,10
0,5,0,250,0,6,7
1,9,1,31417,7500,11,7
0,10,0,13730,0,3,3
0,6,0,1554,0,8,1
0,205,0,3265,0,1,1
1,15,0,133,0,26,5
0,5,0,880,0,2,1
1,1,0,41,0,6,9
0,8,0,14340,0,6,2
0,26,0,34905,0,5,1
0,11,0,645,0,6,1
0,12,0,514,0,8,12
1,3,0,60,0,14,9
0,13,0,476,0,5,1
1,3,0,190,0,8,10
0,12,0,13148,0,3,1
0,13,0,1439,0,6,3
1,9,1,19837,21350,3,8
0,5,0,11280,0,20,3
0,26,0,3622,0,3,1
0,8,0,358,0,7,2
1,2,0,8,0,6,4
1,5,0,690,0,5,1
0,3,0,420,0,3,1
0,10,0,295,0,7,1
1,13,0,6500,0,11,3
0,4,0,8700,0,8,6
0,11,0,8529,0,6,1
1,12,0,2825,0,20,11
1,3,0,2040,0,25,11
1,3,0,175,0,13,1
1,2,0,4222,0,6,9
1,7,0,9263,0,5,3
0,13,0,1815,0,5,1
0,6,0,89,0,4,1
0,13,0,1446,0,5,1
1,6,0,1250,0,3,7
1,1,0,18,0,8,5
0,12,0,1699,0,5,1
1,17,1,8617,8500,7,6
0,5,0,180,0,17,1
1,4,0,120,0,3,1
1,18,0,5935,0,2,11
1,5,0,342,0,20,10
0,26,0,15644,0,6,1
0,7,1,84175,4500,10,8
0,5,0,32396,0,25,10
0,14,0,2530,0,7,1
1,8,0,235,0,6,6
0,5,2,11360,13500,27,3
0,14,2,7730,5000,25,1
0,2,0,60,0,4,7
0,6,1,90279,18050,20,3
1,9,0,4252,0,5,8
0,11,0,492,0,7,3
0,6,0,33408,0,17,1
0,14,0,1885,0,8,2
1,13,0,1762,0,22,6
0,14,0,1326,0,7,1
1,5,0,380,0,3,9
1,1,0,1500,0,6,11
1,14,0,2573,0,2,9
1,5,0,56,0,2,8
0,4,0,473,0,22,1
1,2,0,7311,0,6,7
1,2,0,70,0,3,9
0,13,0,845,0,6,1
0,6,0,2660,0,10,1
1,5,0,1500,0,6,6
0,6,1,35420,4500,17,3
1,6,1,14580,29600,10,11
0,12,0,180,0,5,2
0,13,0,2638,0,15,1
1,0,1,0,12550,5,3
1,3,0,208,0,3,7
1,0,1,0,4700,8,5
1,7,0,3032,0,19,6
0,53,1,16026,3750,4,1
0,5,0,9120,0,25,3
1,6,1,7220,4500,6,3
0,34,1,14186,31000,25,1
0,12,0,6484,0,20,1
1,4,0,472,0,4,10
0,23,0,2969,0,6,1
1,5,0,3594,0,5,7
0,6,0,208,0,7,1
1,7,0,308,0,2,7
0,4,0,910,0,6,1
0,12,0,1144,0,7,5
0,16,0,1789,0,11,2
1,3,0,192,0,24,7
0,16,0,11979,0,4,1
1,3,0,24000,0,8,7
1,7,0,2625,0,6,8
0,72,0,641,0,2,1
0,24,0,752,0,7,1
0,26,0,3190,0,16,1
0,20,0,3179,0,5,1
0,4,0,284,0,5,1
0,11,0,4067,0,8,8
1,2,0,50,0,4,10
1,3,0,100,0,2,1
1,5,0,170,0,5,1
1,6,0,1280,0,25,1
1,0,3,0,33000,17,1
0,23,0,6375,0,2,1
0,17,1,14464,54900,15,1
0,15,0,1618,0,7,1
0,6,0,1220,0,2,4
1,6,0,305,0,2,10
0,2,0,21120,0,7,2
0,5,0,1100,0,19,1
1,4,0,466,0,4,10
1,58,0,1392,0,1,3
0,5,0,1250,0,15,3
1,5,0,1500,0,14,6
0,26,0,2575,0,5,1
1,6,0,870,0,1,1
1,2,0,720,0,13,9
0,4,0,132,0,3,4
0,5,0,5400,0,1,3
0,3,0,8,0,8,2
0,26,0,19005,0,21,1
0,11,0,283,0,7,1
0,13,0,831,0,9,1
1,8,1,6057,18050,21,7
1,1,0,40,0,5,10
0,7,0,76,0,7,1
0,6,0,720,0,3,1
0,5,0,1370,0,25,1
0,8,0,13130,0,18,3
0,4,0,268,0,5,4
1,1,0,7800,0,6,9
1,10,0,468,0,4,8
0,13,0,2890,0,8,1
1,8,0,1513,0,3,5
0,3,0,316,0,4,1
1,2,0,16500,0,15,9
1,5,0,280,0,5,1
1,12,0,407,0,18,2
0,26,0,5397,0,3,1
0,8,0,210,0,10,2
0,3,0,63,0,4,1
1,7,0,7360,0,9,2
1,13,0,589,0,7,8
0,5,3,1930,134050,20,1
1,5,0,300,0,22,1
0,5,0,589,0,6,8
1,5,0,310,0,4,4
0,12,0,1595,0,17,1
0,13,0,1788,0,5,1
1,0,1,0,4000,27,8
1,3,0,50,0,5,1
0,7,0,17840,0,9,2
1,4,0,35,0,3,9
0,10,0,4629,0,2,1
1,3,0,8860,0,5,11
1,1,0,11,0,8,9
0,16,0,2154,0,2,7
0,6,0,1440,0,13,8
1,1,0,3459,0,6,4
0,1,0,14,0,5,1
1,7,0,7355,0,5,10
1,5,0,743,0,2,4
1,2,0,4,0,6,2
0,26,0,9914,0,8,1
0,6,0,342,0,5,4
1,2,0,70,0,16,4
1,4,0,974,0,24,1
0,13,0,2221,0,6,1
1,7,0,5602,0,5,3
1,5,0,990,0,14,4
0,3,0,230,0,8,4
1,1,0,1500,0,7,5
0,1,0,20,0,13,1
1,1,0,10,0,5,7
1,14,0,12291,0,5,10
0,17,0,8324,0,5,1
0,22,0,12048,0,22,1
1,8,0,1280,0,2,9
1,5,0,200,0,2,4
0,8,0,1170,0,26,1
0,5,0,25600,0,20,9
0,144,0,2194,0,1,1
0,15,0,3381,0,6,1
0,12,0,5338,0,17,4
1,4,0,62,0,4,4
0,6,0,395,0,7,1
0,6,0,252,0,6,4
0,2,0,17,0,6,2
1,4,0,11841,0,5,7
0,26,0,13616,0,3,1
1,5,0,850,0,4,1
0,7,0,2210,0,25,1
0,13,0,548,0,6,1
1,11,0,2851,0,6,2
1,2,0,2022,0,5,10
1,1,1,16829,12000,2,3
1,5,0,980,0,18,4
1,4,0,11175,0,10,6
0,7,0,225,0,21,1
0,3,0,1500,0,9,6
1,6,0,1070,0,11,1
1,5,0,1081,0,7,8
0,5,0,400,0,4,1
1,5,0,170,0,2,9
1,2,0,30,0,4,10
1,3,0,11,0,7,7
1,6,0,411,0,4,1
1,29,0,35561,0,19,8
0,25,0,17064,0,6,1
1,6,0,6276,0,2,1
0,19,0,2254,0,24,1
1,20,0,8948,0,3,10
1,15,0,18305,0,3,9
1,1,0,6,0,6,4
1,7,0,1033,0,5,7
0,13,0,1396,0,6,1
0,1,0,27,0,17,4
0,11,0,463,0,3,1
0,2,0,21,0,4,4
0,3,0,94,0,6,4
0,18,0,33683,0,5,3
1,1,0,590,0,8,1
1,3,0,40,0,5,1
0,19,4,39064,131100,6,1
1,3,0,105,0,5,4
